Start;07/07/2025;8h50;End;?;?;Day;Hour;;A;B;C;Dilution;Day;Time (h);Time (s);OD 0A;Std 0A;OD 0B;Std 0B;OD 0C;Std 0C;OD 1A;Std 1A;OD 1B;Std 1B;OD 1C;Std 1C;OD 2A;Std 2A;OD 2B;Std 2B;OD 2C;Std 2C;OD 3A;Std 3A;OD 3B;Std 3B;OD 3C;Std 3C;OD 4A;Std 4A;OD 4B;Std 4B;OD 4C;Std 4C;mean 0;std 0;mean 1;std 1;mean 2;std 2;mean 3;std 3;mean 4;std 4;dilution 0;dilution 1;dilution 2;dilution 3;dilution 4;OD 0A NC;OD 0B NC;OD 0C NC;OD 1A NC;OD 1B NC;OD 1C NC;OD 2A NC;OD 2B NC;OD 2C NC;OD 3A NC;OD 3B NC;OD 3C NC;OD 4A NC;OD 4B NC;OD 4C NC;mean 0 NC;mean 1 NC;mean 2 NC;mean 3 NC;mean 4 NC
;;;;;;08/07/2025;8h27;0;0.033;0.026;0.031;1;07/07/2025;19h44;0;;;;;;;;;;;;;;;;;;;;;;;;;;;;;;;;;;;;;;;;;;;;;;;;;;;;;;;;;;;;;;;;;
;;;;;;;;;0.033;0.028;0.033;1;08/07/2025;8h27;45780;0.0323333333333333;0.00115470053837925;0.0283333333333333;0.00251661147842358;0.0306666666666667;0.00251661147842358;0.0376666666666667;0.00152752523165195;0.0286666666666667;0.000577350269189626;0.025;0.000999999999999999;0.023;0.002;0.026;0.00264575131106459;0.023;0.001;0.0306666666666667;0.00115470053837925;0.0246666666666667;0.00115470053837925;0.022;0.002;0.0423333333333333;0.00208166599946613;0.0346666666666667;0.000577350269189626;0.0226666666666667;0.000577350269189626;0.0304444444444444;0.00200923792444724;0.0304444444444444;0.00651778194491663;0.024;0.00173205080756887;0.0257777777777778;0.00443888541231959;0.0332222222222222;0.0099125808576404;1;1;1;1;1;0.0323333333333333;0.0283333333333333;0.0306666666666667;0.0376666666666667;0.0286666666666667;0.025;0.023;0.026;0.023;0.0306666666666667;0.0246666666666667;0.022;0.0423333333333333;0.0346666666666667;0.0226666666666667;0.0304444444444444;0.0304444444444444;0.024;0.0257777777777778;0.0332222222222222
;;;;;;;;;0.031;0.031;0.028;1;08/07/2025;11h09;55500;0.0276666666666667;0.000577350269189626;0.026;0;0.043;0.00264575131106459;0.0276666666666667;0.000577350269189626;0.0243333333333333;0.00115470053837925;0.0283333333333333;0.00115470053837925;0.022;0.00346410161513775;0.0236666666666667;0.00208166599946613;0.023;0.001;0.019;0.001;0.0153333333333333;0.00115470053837925;0.017;0.002;0.014;0.001;0.0256666666666667;0.00115470053837925;0.02;0.00360555127546399;0.0322222222222222;0.0093709559178781;0.0267777777777778;0.00214303350244288;0.0228888888888889;0.000838870492807861;0.0171111111111111;0.00183585684909537;0.0198888888888889;0.00583412693014448;1;1;1;1;1;0.0276666666666667;0.026;0.043;0.0276666666666667;0.0243333333333333;0.0283333333333333;0.022;0.0236666666666667;0.023;0.019;0.0153333333333333;0.017;0.014;0.0256666666666667;0.02;0.0322222222222222;0.0267777777777778;0.0228888888888889;0.0171111111111111;0.0198888888888889
;;;;;;;;mean 0;0.0323333333333333;0.0283333333333333;0.0306666666666667;1;08/07/2025;13h06;62520;0.0506666666666667;0.00152752523165194;0.0656666666666667;0.00378593889720019;0.0813333333333333;0.000577350269189626;0.0526666666666667;0.00152752523165195;0.0653333333333333;0.0023094010767585;0.056;0.002;0.0406666666666667;0.00152752523165195;0.0426666666666667;0.00251661147842358;0.053;0.003;0.035;0.00264575131106459;0.0373333333333333;0.00208166599946613;0.0323333333333333;0.000577350269189626;0.034;0.00173205080756887;0.0476666666666667;0.00115470053837925;0.031;0.001;0.0658888888888889;0.0153345410152423;0.058;0.00656590520119741;0.0454444444444444;0.0066192760038251;0.0348888888888889;0.00250185116648838;0.0375555555555556;0.00888402644784032;1;1;1;1;1;0.0506666666666667;0.0656666666666667;0.0813333333333333;0.0526666666666667;0.0653333333333333;0.056;0.0406666666666667;0.0426666666666667;0.053;0.035;0.0373333333333333;0.0323333333333333;0.034;0.0476666666666667;0.031;0.0658888888888889;0.058;0.0454444444444444;0.0348888888888889;0.0375555555555556
;;;;;;;;dilution 0;0.0323333333333333;0.0283333333333333;0.0306666666666667;;08/07/2025;17h54;79800;0.131;0.00173205080756888;0.155333333333333;0.00115470053837925;0.175333333333333;0.00416333199893227;0.114;0.003;0.105;0.003;0.125333333333333;0.00288675134594813;0.0816666666666667;0.00152752523165195;0.104333333333333;0.00208166599946613;0.093;0.00458257569495584;0.0593333333333333;0.00152752523165195;0.045;0.001;0.0553333333333333;0.00472581562625261;0.0393333333333333;0.00351188458428425;0.071;0.000999999999999994;0.0353333333333333;0.00208166599946613;0.153888888888889;0.0222019351842566;0.114777777777778;0.010188955531104;0.093;0.0113333333333333;0.0532222222222222;0.00739619521806337;0.0485555555555556;0.0195400822622326;1;1;1;1;1;0.131;0.155333333333333;0.175333333333333;0.114;0.105;0.125333333333333;0.0816666666666667;0.104333333333333;0.093;0.0593333333333333;0.045;0.0553333333333333;0.0393333333333333;0.071;0.0353333333333333;0.153888888888889;0.114777777777778;0.093;0.0532222222222222;0.0485555555555556
;;;;;;;;1;0.038;0.029;0.024;1;09/07/2025;8h18;131640;1.23833333333333;0.00152752523165195;1.39833333333333;0.0020816659994661;2.51333333333333;0.00115470053837925;1.068;0.00458257569495584;1.004;0.004;1.07733333333333;0.00208166599946613;0.622666666666667;0.00251661147842359;0.684666666666667;0.00321455025366429;0.662;0.00360555127546399;0.207666666666667;0.0030550504633039;0.127333333333333;0.00208166599946613;0.169333333333333;0.00305505046330388;0.0683333333333333;0.0030550504633039;0.258666666666667;0.00416333199893227;0.0573333333333333;0.000577350269189626;1.71666666666667;0.694556213227795;1.04977777777778;0.0399184353586346;0.656444444444444;0.0313711355890754;0.168111111111111;0.0401806107654114;0.128111111111111;0.113198121957985;5;4;2;1;1;0.247666666666667;0.279666666666667;0.502666666666667;0.267;0.251;0.269333333333333;0.311333333333333;0.342333333333333;0.331;0.207666666666667;0.127333333333333;0.169333333333333;0.0683333333333333;0.258666666666667;0.0573333333333333;0.343333333333333;0.262444444444444;0.328222222222222;0.168111111111111;0.128111111111111
;;;;;;;;;0.036;0.028;0.026;1;09/07/2025;11h00;141360;2.23;0.00173205080756888;2.15166666666667;0.0090184995056458;2.925;0.004;1.47866666666667;0.00208166599946613;1.372;0.00173205080756885;1.68133333333333;0.00378593889720019;0.866;0.00288675134594813;0.909333333333333;0.00550757054728611;1.09133333333333;0.00115470053837925;0.288333333333333;0.00230940107675851;0.163333333333333;0.00251661147842359;0.224;0;0.091;0.001;0.343666666666667;0.0020816659994661;0.0883333333333333;0.00115470053837925;2.43555555555556;0.425677020669341;1.51066666666667;0.157129811868333;0.955555555555556;0.119566500944654;0.225222222222222;0.0625089623203774;0.174333333333333;0.146653029669049;5;4;2;1;1;0.446;0.430333333333333;0.585;0.369666666666667;0.343;0.420333333333333;0.433;0.454666666666667;0.545666666666667;0.288333333333333;0.163333333333333;0.224;0.091;0.343666666666667;0.0883333333333333;0.487111111111111;0.377666666666667;0.477777777777778;0.225222222222222;0.174333333333333
;;;;;;;;;0.039;0.029;0.025;1;09/07/2025;13h45;151260;3.09;0.00264575131106459;3.55666666666667;0.00378593889720019;4.95666666666667;0.0045092497528229;2.35833333333333;0.00115470053837925;2.36333333333333;0.00568624070307731;2.58666666666667;0.000577350269189626;1.41866666666667;0.00288675134594813;1.58933333333333;0.00493288286231625;1.712;0.001;0.389;0.001;0.249;0.00360555127546399;0.315;0.002;0.094;0.003;0.447;0.001;0.0913333333333333;0.00152752523165195;3.86777777777778;0.971444133084196;2.43611111111111;0.130408901082255;1.57333333333333;0.147319758047287;0.317666666666667;0.0700380848776815;0.210777777777778;0.204578790399888;10;5;4;1;1;0.309;0.355666666666667;0.495666666666667;0.471666666666667;0.472666666666667;0.517333333333333;0.354666666666667;0.397333333333333;0.428;0.389;0.249;0.315;0.094;0.447;0.0913333333333333;0.386777777777778;0.487222222222222;0.393333333333333;0.317666666666667;0.210777777777778
;;;;;;;;mean 1;0.0376666666666667;0.0286666666666667;0.025;1;09/07/2025;17h28;164640;5.03333333333333;0.00230940107675851;5.97333333333333;0.00321455025366432;7.36666666666667;0.00351188458428425;3.47666666666667;0.00251661147842359;3.72;0.00360555127546399;3.75666666666667;0.0030550504633039;1.995;0;2.09666666666667;0.000577350269189626;2.43333333333333;0.00152752523165195;0.693333333333333;0.00251661147842357;0.506666666666667;0.00321455025366432;0.672;0.003;0.130333333333333;0.00251661147842359;0.553666666666667;0.00513160143944689;0.132333333333333;0.00208166599946613;6.12444444444445;1.17398340577583;3.65111111111111;0.152181665318984;2.175;0.229425611279803;0.624;0.102171968323562;0.272111111111111;0.243836314252304;20;10;5;4;1;0.251666666666667;0.298666666666667;0.368333333333333;0.347666666666667;0.372;0.375666666666667;0.399;0.419333333333333;0.486666666666667;0.173333333333333;0.126666666666667;0.168;0.130333333333333;0.553666666666667;0.132333333333333;0.306222222222222;0.365111111111111;0.435;0.156;0.272111111111111
;;;;;;;;dilution 1;0.0376666666666667;0.0286666666666667;0.025;;10/07/2025;8h24;218400;10.98;0.00360555127546399;11.68;0.00173205080756888;11.6533333333333;0.0030550504633039;7.27333333333333;0.00404145188432738;7.5;0.00435889894354068;7.23333333333333;0.00288675134594813;3.545;0.004;3.575;0.00360555127546399;3.49833333333333;0.00321455025366432;1.87666666666667;0.00288675134594813;1.63166666666667;0.00230940107675851;1.70166666666667;0.000577350269189626;0.5;0.003;0.998666666666667;0.000577350269189626;0.542666666666667;0.00351188458428425;11.4377777777778;0.396671335173273;7.33555555555556;0.143810574998787;3.53944444444444;0.0386340858904749;1.73666666666667;0.126194294641239;0.680444444444445;0.276413002856501;20;20;5;5;4;0.549;0.584;0.582666666666667;0.363666666666667;0.375;0.361666666666667;0.709;0.715;0.699666666666667;0.375333333333333;0.326333333333333;0.340333333333333;0.125;0.249666666666667;0.135666666666667;0.571888888888889;0.366777777777778;0.707888888888889;0.347333333333333;0.170111111111111
;;;;;;;;2;0.023;0.028;0.023;1;10/07/2025;10h59;227700;11.5066666666667;0.00208166599946613;12.6666666666667;0.00513160143944689;12.2133333333333;0.00650640709864772;7.54666666666667;0.00321455025366432;7.69333333333333;0.00230940107675851;7.72666666666667;0.0030550504633039;3.86;0.00435889894354068;3.91666666666667;0.00208166599946613;3.73666666666667;0.00152752523165195;2.01333333333333;0.00321455025366432;1.72833333333333;0.00230940107675847;1.825;0;0.708;3.3993498887763E-17;1.068;0.00264575131106459;0.686666666666667;0.00152752523165193;12.1288888888889;0.58459229224148;7.65555555555556;0.0957620507840679;3.83777777777778;0.0920346150661281;1.85555555555556;0.144936128972322;0.820888888888889;0.214270165220695;20;20;10;5;4;0.575333333333333;0.633333333333333;0.610666666666667;0.377333333333333;0.384666666666667;0.386333333333333;0.386;0.391666666666667;0.373666666666667;0.402666666666667;0.345666666666667;0.365;0.177;0.267;0.171666666666667;0.606444444444444;0.382777777777778;0.383777777777778;0.371111111111111;0.205222222222222
;;;;;;;;;0.025;0.023;0.022;1;10/07/2025;16h15;246660;12.1866666666667;0.00264575131106459;13.1933333333333;0.00378593889720019;11.7066666666667;0.00404145188432738;8.02;0.00264575131106459;8.24666666666667;0.00378593889720019;7.65333333333333;0.00404145188432738;3.77;0.003;4.04333333333333;0.00115470053837925;3.84666666666667;0.00230940107675851;2.12666666666667;0.00577350269189626;1.855;0.003;1.945;0.00264575131106459;0.828;0.00173205080756888;1.1;0.00264575131106459;0.858666666666667;0.000577350269189626;12.3622222222222;0.758722122558227;7.97333333333333;0.299406820971808;3.88666666666667;0.140988573217044;1.97555555555556;0.138386870496901;0.928888888888889;0.148977751259611;20;20;10;5;4;0.609333333333333;0.659666666666667;0.585333333333333;0.401;0.412333333333333;0.382666666666667;0.377;0.404333333333333;0.384666666666667;0.425333333333333;0.371;0.389;0.207;0.275;0.214666666666667;0.618111111111111;0.398666666666667;0.388666666666667;0.395111111111111;0.232222222222222
;;;;;;;;;0.021;0.027;0.024;1;11/07/2025;8h01;303420;11.6266666666667;0.0030550504633039;12.8133333333333;0.00152752523165195;12.0333333333333;0.00208166599946613;8.3;0.003;8.48;0;7.52666666666667;0.00351188458428425;4.18666666666667;0.00152752523165195;4.19333333333333;0.00208166599946613;4.03;0.001;2.20333333333333;0.0030550504633039;2.12;0.003;2.16833333333333;0.00351188458428425;1.10133333333333;0.00404145188432738;1.17733333333333;0.00321455025366432;1.12933333333333;0.00152752523165192;12.1577777777778;0.603041672904337;8.10222222222222;0.506505822422751;4.13666666666667;0.0924361641590802;2.16388888888889;0.041844066794779;1.136;0.0384360941477321;20;20;10;5;4;0.581333333333333;0.640666666666667;0.601666666666667;0.415;0.424;0.376333333333333;0.418666666666667;0.419333333333333;0.403;0.440666666666667;0.424;0.433666666666667;0.275333333333333;0.294333333333333;0.282333333333333;0.607888888888889;0.405111111111111;0.413666666666667;0.432777777777778;0.284
;;;;;;;;mean 2;0.023;0.026;0.023;1;11/07/2025;15h14;329400;11.44;0.003;11.8466666666667;0.00642910050732864;11.4866666666667;0.00208166599946613;7.5;0.002;8.36666666666667;0.00152752523165195;7.74;0.00264575131106459;4.15;0.00781024967590663;4.30333333333333;0.00568624070307733;3.99666666666667;0.00404145188432738;2.19666666666667;0.00208166599946613;2.18333333333333;0.00152752523165195;2.165;0.00556776436283003;1.17733333333333;0.00378593889720019;1.23866666666667;0.00208166599946613;1.18933333333333;0.00321455025366432;11.5911111111111;0.222544211171457;7.86888888888889;0.447478532487354;4.15;0.153333333333333;2.18166666666667;0.0158989866902825;1.20177777777778;0.0325052702279584;20;20;10;5;4;0.572;0.592333333333333;0.574333333333333;0.375;0.418333333333333;0.387;0.415;0.430333333333333;0.399666666666667;0.439333333333333;0.436666666666667;0.433;0.294333333333333;0.309666666666667;0.297333333333333;0.579555555555555;0.393444444444444;0.415;0.436333333333333;0.300444444444444
;;;;;;;;dilution 2;0.023;0.026;0.023;;11/07/2025;20h36;348720;11.3866666666667;0.00251661147842359;12.8533333333333;0.00152752523165195;11.44;0.00264575131106459;7.96;0.002;8.20666666666667;0.00321455025366432;7.43333333333333;0.00251661147842359;4.17;0.00173205080756888;4.15666666666667;0.00493288286231625;3.99333333333333;0.00832666399786454;2.21833333333333;0.0030550504633039;2.16333333333333;0.00404145188432738;2.115;0.00608276253029822;1.112;0.00173205080756888;1.12933333333333;0.0028867513459481;1.168;0.005;11.8933333333333;0.831811944559052;7.86666666666667;0.395024612454014;4.10666666666667;0.098375697089158;2.16555555555556;0.0517024965369;1.13644444444444;0.0286692505295468;20;20;10;5;4;0.569333333333333;0.642666666666667;0.572;0.398;0.410333333333333;0.371666666666667;0.417;0.415666666666667;0.399333333333333;0.443666666666667;0.432666666666667;0.423;0.278;0.282333333333333;0.292;0.594666666666667;0.393333333333333;0.410666666666667;0.433111111111111;0.284111111111111
;;;;;;;;3;0.032;0.024;0.02;1;12/07/2025;10h53;400140;12.0533333333333;0.00493288286231625;12.7733333333333;0.00208166599946613;11.6733333333333;0.00493288286231625;8.00666666666667;0.00351188458428425;8.43333333333333;0.00152752523165195;7.71333333333333;0.00208166599946613;4.27;0.00360555127546399;4.36;0.001;4.31;0;2.39333333333333;0.00115470053837925;2.345;0.00299999999999997;2.325;0.00346410161513773;1.304;0.002;1.24666666666667;0.00208166599946613;1.26933333333333;0.00208166599946613;12.1666666666667;0.558688941481154;8.05111111111111;0.362051766300734;4.31333333333333;0.0450924975282293;2.35444444444444;0.0351320261194717;1.27333333333333;0.0288752104369436;20;20;10;5;4;0.602666666666667;0.638666666666667;0.583666666666667;0.400333333333333;0.421666666666667;0.385666666666667;0.427;0.436;0.431;0.478666666666667;0.469;0.465;0.326;0.311666666666667;0.317333333333333;0.608333333333333;0.402555555555556;0.431333333333333;0.470888888888889;0.318333333333333
;;;;;;;;;0.03;0.024;0.022;1;12/07/2025;19h42;431880;12.3466666666667;0.00493288286231625;12.82;0.00360555127546399;11.4533333333333;0.00152752523165195;8.08666666666667;0.00416333199893224;8.42666666666667;0.00550757054728611;7.85333333333333;0.00115470053837925;4.25666666666667;0.0030550504633039;4.38333333333333;0.00321455025366432;4.25;0.003;2.315;0.00699999999999998;2.325;0.002;2.32;0.00692820323027548;1.24933333333333;0.000577350269189626;1.22666666666667;0.00472581562625261;1.25066666666667;0.00351188458428425;12.2066666666667;0.694006083867025;8.12222222222222;0.288315670621501;4.29666666666667;0.0751295177972309;2.32;0.00500000000000012;1.24222222222222;0.0134879919159943;20;20;10;5;4;0.617333333333333;0.641;0.572666666666667;0.404333333333333;0.421333333333333;0.392666666666667;0.425666666666667;0.438333333333333;0.425;0.463;0.465;0.464;0.312333333333333;0.306666666666667;0.312666666666667;0.610333333333333;0.406111111111111;0.429666666666667;0.464;0.310555555555556
;;;;;;;;;0.03;0.026;0.024;1;13/07/2025;11h35;489060;13.0533333333333;0.00321455025366432;12.72;0.00264575131106459;12.4;0.00458257569495584;8.03333333333333;0.00321455025366432;8.39333333333333;0.000577350269189626;7.81333333333333;0.00288675134594813;4.36;0.00458257569495584;4.37666666666667;0.00503322295684717;4.30666666666667;0.00513160143944689;2.34833333333333;0.00378593889720015;2.32333333333333;0.00642910050732861;2.335;0.00458257569495581;1.28;0.001;1.27866666666667;0.00208166599946613;1.25866666666667;0.00152752523165195;12.7244444444444;0.326689341616659;8.08;0.292802550079969;4.34777777777778;0.0365655170486765;2.33555555555556;0.0125092558324419;1.27244444444444;0.0119505152531101;20;20;10;5;4;0.652666666666667;0.636;0.62;0.401666666666667;0.419666666666667;0.390666666666667;0.436;0.437666666666667;0.430666666666667;0.469666666666667;0.464666666666667;0.467;0.32;0.319666666666667;0.314666666666667;0.636222222222222;0.404;0.434777777777778;0.467111111111111;0.318111111111111
;;;;;;;;mean 3;0.0306666666666667;0.0246666666666667;0.022;1;;;;;;;;;;;;;;;;;;;;;;;;;;;;;;;;;;;;;;;;;;;;;;;;;;;;;;;;;;;;;;;;;;;;
;;;;;;;;dilution 3;0.0306666666666667;0.0246666666666667;0.022;;;;;;;;;;;;;;;;;;;;;;;;;;;;;;;;;;;;;;;;;;;;;;;;;;;;;;;;;;;;;;;;;;;;;
;;;;;;;;4;0.04;0.034;0.023;1;;;;;;;;;;;;;;;;;;;;;;;;;;;;;;;;;;;;;;;;;;;;;;;;;;;;;;;;;;;;;;;;;;;;
;;;;;;;;;0.044;0.035;0.023;1;;;;;;;;;;;;;;;;;;;;;;;;;;;;;;;;;;;;;;;;;;;;;;;;;;;;;;;;;;;;;;;;;;;;
;;;;;;;;;0.043;0.035;0.022;1;;;;;;;;;;;;;;;;;;;;;;;;;;;;;;;;;;;;;;;;;;;;;;;;;;;;;;;;;;;;;;;;;;;;
;;;;;;;;mean 4;0.0423333333333333;0.0346666666666667;0.0226666666666667;1;;;;;;;;;;;;;;;;;;;;;;;;;;;;;;;;;;;;;;;;;;;;;;;;;;;;;;;;;;;;;;;;;;;;
;;;;;;;;dilution 4 ;0.0423333333333333;0.0346666666666667;0.0226666666666667;;;;;;;;;;;;;;;;;;;;;;;;;;;;;;;;;;;;;;;;;;;;;;;;;;;;;;;;;;;;;;;;;;;;;
;;;;;;08/07/2025;11h09;0;0.028;0.026;0.044;1;;;;;;;;;;;;;;;;;;;;;;;;;;;;;;;;;;;;;;;;;;;;;;;;;;;;;;;;;;;;;;;;;;;;
;;;;;;;;;0.027;0.026;0.04;1;;;;;;;;;;;;;;;;;;;;;;;;;;;;;;;;;;;;;;;;;;;;;;;;;;;;;;;;;;;;;;;;;;;;
;;;;;;;;;0.028;0.026;0.045;1;;;;;;;;;;;;;;;;;;;;;;;;;;;;;;;;;;;;;;;;;;;;;;;;;;;;;;;;;;;;;;;;;;;;
;;;;;;;;mean 0;0.0276666666666667;0.026;0.043;1;;;;;;;;;;;;;;;;;;;;;;;;;;;;;;;;;;;;;;;;;;;;;;;;;;;;;;;;;;;;;;;;;;;;
;;;;;;;;dilution 0;0.0276666666666667;0.026;0.043;;;;;;;;;;;;;;;;;;;;;;;;;;;;;;;;;;;;;;;;;;;;;;;;;;;;;;;;;;;;;;;;;;;;;
;;;;;;;;1;0.027;0.023;0.027;1;;;;;;;;;;;;;;;;;;;;;;;;;;;;;;;;;;;;;;;;;;;;;;;;;;;;;;;;;;;;;;;;;;;;
;;;;;;;;;0.028;0.025;0.029;1;;;;;;;;;;;;;;;;;;;;;;;;;;;;;;;;;;;;;;;;;;;;;;;;;;;;;;;;;;;;;;;;;;;;
;;;;;;;;;0.028;0.025;0.029;1;;;;;;;;;;;;;;;;;;;;;;;;;;;;;;;;;;;;;;;;;;;;;;;;;;;;;;;;;;;;;;;;;;;;
;;;;;;;;mean 1;0.0276666666666667;0.0243333333333333;0.0283333333333333;1;;;;;;;;;;;;;;;;;;;;;;;;;;;;;;;;;;;;;;;;;;;;;;;;;;;;;;;;;;;;;;;;;;;;
;;;;;;;;dilution 1;0.0276666666666667;0.0243333333333333;0.0283333333333333;;;;;;;;;;;;;;;;;;;;;;;;;;;;;;;;;;;;;;;;;;;;;;;;;;;;;;;;;;;;;;;;;;;;;
;;;;;;;;2;0.02;0.026;0.024;1;;;;;;;;;;;;;;;;;;;;;;;;;;;;;;;;;;;;;;;;;;;;;;;;;;;;;;;;;;;;;;;;;;;;
;;;;;;;;;0.026;0.022;0.022;1;;;;;;;;;;;;;;;;;;;;;;;;;;;;;;;;;;;;;;;;;;;;;;;;;;;;;;;;;;;;;;;;;;;;
;;;;;;;;;0.02;0.023;0.023;1;;;;;;;;;;;;;;;;;;;;;;;;;;;;;;;;;;;;;;;;;;;;;;;;;;;;;;;;;;;;;;;;;;;;
;;;;;;;;mean 2;0.022;0.0236666666666667;0.023;1;;;;;;;;;;;;;;;;;;;;;;;;;;;;;;;;;;;;;;;;;;;;;;;;;;;;;;;;;;;;;;;;;;;;
;;;;;;;;dilution 2;0.022;0.0236666666666667;0.023;;;;;;;;;;;;;;;;;;;;;;;;;;;;;;;;;;;;;;;;;;;;;;;;;;;;;;;;;;;;;;;;;;;;;
;;;;;;;;3;0.019;0.014;0.019;1;;;;;;;;;;;;;;;;;;;;;;;;;;;;;;;;;;;;;;;;;;;;;;;;;;;;;;;;;;;;;;;;;;;;
;;;;;;;;;0.018;0.016;0.015;1;;;;;;;;;;;;;;;;;;;;;;;;;;;;;;;;;;;;;;;;;;;;;;;;;;;;;;;;;;;;;;;;;;;;
;;;;;;;;;0.02;0.016;0.017;1;;;;;;;;;;;;;;;;;;;;;;;;;;;;;;;;;;;;;;;;;;;;;;;;;;;;;;;;;;;;;;;;;;;;
;;;;;;;;mean 3;0.019;0.0153333333333333;0.017;1;;;;;;;;;;;;;;;;;;;;;;;;;;;;;;;;;;;;;;;;;;;;;;;;;;;;;;;;;;;;;;;;;;;;
;;;;;;;;dilution 3;0.019;0.0153333333333333;0.017;;;;;;;;;;;;;;;;;;;;;;;;;;;;;;;;;;;;;;;;;;;;;;;;;;;;;;;;;;;;;;;;;;;;;
;;;;;;;;4;0.015;0.027;0.016;1;;;;;;;;;;;;;;;;;;;;;;;;;;;;;;;;;;;;;;;;;;;;;;;;;;;;;;;;;;;;;;;;;;;;
;;;;;;;;;0.014;0.025;0.023;1;;;;;;;;;;;;;;;;;;;;;;;;;;;;;;;;;;;;;;;;;;;;;;;;;;;;;;;;;;;;;;;;;;;;
;;;;;;;;;0.013;0.025;0.021;1;;;;;;;;;;;;;;;;;;;;;;;;;;;;;;;;;;;;;;;;;;;;;;;;;;;;;;;;;;;;;;;;;;;;
;;;;;;;;mean 4;0.014;0.0256666666666667;0.02;1;;;;;;;;;;;;;;;;;;;;;;;;;;;;;;;;;;;;;;;;;;;;;;;;;;;;;;;;;;;;;;;;;;;;
;;;;;;;;dilution 4 ;0.014;0.0256666666666667;0.02;;;;;;;;;;;;;;;;;;;;;;;;;;;;;;;;;;;;;;;;;;;;;;;;;;;;;;;;;;;;;;;;;;;;;
;;;;;;08/07/2025;13h06;0;0.052;0.064;0.082;1;;;;;;;;;;;;;;;;;;;;;;;;;;;;;;;;;;;;;;;;;;;;;;;;;;;;;;;;;;;;;;;;;;;;
;;;;;;;;;0.049;0.063;0.081;1;;;;;;;;;;;;;;;;;;;;;;;;;;;;;;;;;;;;;;;;;;;;;;;;;;;;;;;;;;;;;;;;;;;;
;;;;;;;;;0.051;0.07;0.081;1;;;;;;;;;;;;;;;;;;;;;;;;;;;;;;;;;;;;;;;;;;;;;;;;;;;;;;;;;;;;;;;;;;;;
;;;;;;;;mean 0;0.0506666666666667;0.0656666666666667;0.0813333333333333;1;;;;;;;;;;;;;;;;;;;;;;;;;;;;;;;;;;;;;;;;;;;;;;;;;;;;;;;;;;;;;;;;;;;;
;;;;;;;;dilution 0;0.0506666666666667;0.0656666666666667;0.0813333333333333;;;;;;;;;;;;;;;;;;;;;;;;;;;;;;;;;;;;;;;;;;;;;;;;;;;;;;;;;;;;;;;;;;;;;
;;;;;;;;1;0.054;0.064;0.054;1;;;;;;;;;;;;;;;;;;;;;;;;;;;;;;;;;;;;;;;;;;;;;;;;;;;;;;;;;;;;;;;;;;;;
;;;;;;;;;0.051;0.068;0.056;1;;;;;;;;;;;;;;;;;;;;;;;;;;;;;;;;;;;;;;;;;;;;;;;;;;;;;;;;;;;;;;;;;;;;
;;;;;;;;;0.053;0.064;0.058;1;;;;;;;;;;;;;;;;;;;;;;;;;;;;;;;;;;;;;;;;;;;;;;;;;;;;;;;;;;;;;;;;;;;;
;;;;;;;;mean 1;0.0526666666666667;0.0653333333333333;0.056;1;;;;;;;;;;;;;;;;;;;;;;;;;;;;;;;;;;;;;;;;;;;;;;;;;;;;;;;;;;;;;;;;;;;;
;;;;;;;;dilution 1;0.0526666666666667;0.0653333333333333;0.056;;;;;;;;;;;;;;;;;;;;;;;;;;;;;;;;;;;;;;;;;;;;;;;;;;;;;;;;;;;;;;;;;;;;;
;;;;;;;;2;0.039;0.045;0.05;1;;;;;;;;;;;;;;;;;;;;;;;;;;;;;;;;;;;;;;;;;;;;;;;;;;;;;;;;;;;;;;;;;;;;
;;;;;;;;;0.041;0.04;0.053;1;;;;;;;;;;;;;;;;;;;;;;;;;;;;;;;;;;;;;;;;;;;;;;;;;;;;;;;;;;;;;;;;;;;;
;;;;;;;;;0.042;0.043;0.056;1;;;;;;;;;;;;;;;;;;;;;;;;;;;;;;;;;;;;;;;;;;;;;;;;;;;;;;;;;;;;;;;;;;;;
;;;;;;;;mean 2;0.0406666666666667;0.0426666666666667;0.053;1;;;;;;;;;;;;;;;;;;;;;;;;;;;;;;;;;;;;;;;;;;;;;;;;;;;;;;;;;;;;;;;;;;;;
;;;;;;;;dilution 2;0.0406666666666667;0.0426666666666667;0.053;;;;;;;;;;;;;;;;;;;;;;;;;;;;;;;;;;;;;;;;;;;;;;;;;;;;;;;;;;;;;;;;;;;;;
;;;;;;;;3;0.036;0.039;0.032;1;;;;;;;;;;;;;;;;;;;;;;;;;;;;;;;;;;;;;;;;;;;;;;;;;;;;;;;;;;;;;;;;;;;;
;;;;;;;;;0.032;0.035;0.032;1;;;;;;;;;;;;;;;;;;;;;;;;;;;;;;;;;;;;;;;;;;;;;;;;;;;;;;;;;;;;;;;;;;;;
;;;;;;;;;0.037;0.038;0.033;1;;;;;;;;;;;;;;;;;;;;;;;;;;;;;;;;;;;;;;;;;;;;;;;;;;;;;;;;;;;;;;;;;;;;
;;;;;;;;mean 3;0.035;0.0373333333333333;0.0323333333333333;1;;;;;;;;;;;;;;;;;;;;;;;;;;;;;;;;;;;;;;;;;;;;;;;;;;;;;;;;;;;;;;;;;;;;
;;;;;;;;dilution 3;0.035;0.0373333333333333;0.0323333333333333;;;;;;;;;;;;;;;;;;;;;;;;;;;;;;;;;;;;;;;;;;;;;;;;;;;;;;;;;;;;;;;;;;;;;
;;;;;;;;4;0.033;0.049;0.03;1;;;;;;;;;;;;;;;;;;;;;;;;;;;;;;;;;;;;;;;;;;;;;;;;;;;;;;;;;;;;;;;;;;;;
;;;;;;;;;0.036;0.047;0.031;1;;;;;;;;;;;;;;;;;;;;;;;;;;;;;;;;;;;;;;;;;;;;;;;;;;;;;;;;;;;;;;;;;;;;
;;;;;;;;;0.033;0.047;0.032;1;;;;;;;;;;;;;;;;;;;;;;;;;;;;;;;;;;;;;;;;;;;;;;;;;;;;;;;;;;;;;;;;;;;;
;;;;;;;;mean 4;0.034;0.0476666666666667;0.031;1;;;;;;;;;;;;;;;;;;;;;;;;;;;;;;;;;;;;;;;;;;;;;;;;;;;;;;;;;;;;;;;;;;;;
;;;;;;;;dilution 4 ;0.034;0.0476666666666667;0.031;;;;;;;;;;;;;;;;;;;;;;;;;;;;;;;;;;;;;;;;;;;;;;;;;;;;;;;;;;;;;;;;;;;;;
;;;;;;08/07/2025;17h54;0;0.13;0.154;0.18;1;;;;;;;;;;;;;;;;;;;;;;;;;;;;;;;;;;;;;;;;;;;;;;;;;;;;;;;;;;;;;;;;;;;;
;;;;;;;;;0.13;0.156;0.172;1;;;;;;;;;;;;;;;;;;;;;;;;;;;;;;;;;;;;;;;;;;;;;;;;;;;;;;;;;;;;;;;;;;;;
;;;;;;;;;0.133;0.156;0.174;1;;;;;;;;;;;;;;;;;;;;;;;;;;;;;;;;;;;;;;;;;;;;;;;;;;;;;;;;;;;;;;;;;;;;
;;;;;;;;mean 0;0.131;0.155333333333333;0.175333333333333;1;;;;;;;;;;;;;;;;;;;;;;;;;;;;;;;;;;;;;;;;;;;;;;;;;;;;;;;;;;;;;;;;;;;;
;;;;;;;;dilution 0;0.131;0.155333333333333;0.175333333333333;;;;;;;;;;;;;;;;;;;;;;;;;;;;;;;;;;;;;;;;;;;;;;;;;;;;;;;;;;;;;;;;;;;;;
;;;;;;;;1;0.117;0.102;0.122;1;;;;;;;;;;;;;;;;;;;;;;;;;;;;;;;;;;;;;;;;;;;;;;;;;;;;;;;;;;;;;;;;;;;;
;;;;;;;;;0.114;0.105;0.127;1;;;;;;;;;;;;;;;;;;;;;;;;;;;;;;;;;;;;;;;;;;;;;;;;;;;;;;;;;;;;;;;;;;;;
;;;;;;;;;0.111;0.108;0.127;1;;;;;;;;;;;;;;;;;;;;;;;;;;;;;;;;;;;;;;;;;;;;;;;;;;;;;;;;;;;;;;;;;;;;
;;;;;;;;mean 1;0.114;0.105;0.125333333333333;1;;;;;;;;;;;;;;;;;;;;;;;;;;;;;;;;;;;;;;;;;;;;;;;;;;;;;;;;;;;;;;;;;;;;
;;;;;;;;dilution 1;0.114;0.105;0.125333333333333;;;;;;;;;;;;;;;;;;;;;;;;;;;;;;;;;;;;;;;;;;;;;;;;;;;;;;;;;;;;;;;;;;;;;
;;;;;;;;2;0.082;0.105;0.089;1;;;;;;;;;;;;;;;;;;;;;;;;;;;;;;;;;;;;;;;;;;;;;;;;;;;;;;;;;;;;;;;;;;;;
;;;;;;;;;0.08;0.106;0.092;1;;;;;;;;;;;;;;;;;;;;;;;;;;;;;;;;;;;;;;;;;;;;;;;;;;;;;;;;;;;;;;;;;;;;
;;;;;;;;;0.083;0.102;0.098;1;;;;;;;;;;;;;;;;;;;;;;;;;;;;;;;;;;;;;;;;;;;;;;;;;;;;;;;;;;;;;;;;;;;;
;;;;;;;;mean 2;0.0816666666666667;0.104333333333333;0.093;1;;;;;;;;;;;;;;;;;;;;;;;;;;;;;;;;;;;;;;;;;;;;;;;;;;;;;;;;;;;;;;;;;;;;
;;;;;;;;dilution 2;0.0816666666666667;0.104333333333333;0.093;;;;;;;;;;;;;;;;;;;;;;;;;;;;;;;;;;;;;;;;;;;;;;;;;;;;;;;;;;;;;;;;;;;;;
;;;;;;;;3;0.059;0.044;0.059;1;;;;;;;;;;;;;;;;;;;;;;;;;;;;;;;;;;;;;;;;;;;;;;;;;;;;;;;;;;;;;;;;;;;;
;;;;;;;;;0.058;0.046;0.057;1;;;;;;;;;;;;;;;;;;;;;;;;;;;;;;;;;;;;;;;;;;;;;;;;;;;;;;;;;;;;;;;;;;;;
;;;;;;;;;0.061;0.045;0.05;1;;;;;;;;;;;;;;;;;;;;;;;;;;;;;;;;;;;;;;;;;;;;;;;;;;;;;;;;;;;;;;;;;;;;
;;;;;;;;mean 3;0.0593333333333333;0.045;0.0553333333333333;1;;;;;;;;;;;;;;;;;;;;;;;;;;;;;;;;;;;;;;;;;;;;;;;;;;;;;;;;;;;;;;;;;;;;
;;;;;;;;dilution 3;0.0593333333333333;0.045;0.0553333333333333;;;;;;;;;;;;;;;;;;;;;;;;;;;;;;;;;;;;;;;;;;;;;;;;;;;;;;;;;;;;;;;;;;;;;
;;;;;;;;4;0.036;0.072;0.037;1;;;;;;;;;;;;;;;;;;;;;;;;;;;;;;;;;;;;;;;;;;;;;;;;;;;;;;;;;;;;;;;;;;;;
;;;;;;;;;0.043;0.07;0.036;1;;;;;;;;;;;;;;;;;;;;;;;;;;;;;;;;;;;;;;;;;;;;;;;;;;;;;;;;;;;;;;;;;;;;
;;;;;;;;;0.039;0.071;0.033;1;;;;;;;;;;;;;;;;;;;;;;;;;;;;;;;;;;;;;;;;;;;;;;;;;;;;;;;;;;;;;;;;;;;;
;;;;;;;;mean 4;0.0393333333333333;0.071;0.0353333333333333;1;;;;;;;;;;;;;;;;;;;;;;;;;;;;;;;;;;;;;;;;;;;;;;;;;;;;;;;;;;;;;;;;;;;;
;;;;;;;;dilution 4 ;0.0393333333333333;0.071;0.0353333333333333;;;;;;;;;;;;;;;;;;;;;;;;;;;;;;;;;;;;;;;;;;;;;;;;;;;;;;;;;;;;;;;;;;;;;
;;;;;;09/07/2025;8h18;0;0.246;0.282;0.502;5;;;;;;;;;;;;;;;;;;;;;;;;;;;;;;;;;;;;;;;;;;;;;;;;;;;;;;;;;;;;;;;;;;;;
;;;;;;;;;0.249;0.279;0.504;5;;;;;;;;;;;;;;;;;;;;;;;;;;;;;;;;;;;;;;;;;;;;;;;;;;;;;;;;;;;;;;;;;;;;
;;;;;;;;;0.248;0.278;0.502;5;;;;;;;;;;;;;;;;;;;;;;;;;;;;;;;;;;;;;;;;;;;;;;;;;;;;;;;;;;;;;;;;;;;;
;;;;;;;;mean 0;0.247666666666667;0.279666666666667;0.502666666666667;5;;;;;;;;;;;;;;;;;;;;;;;;;;;;;;;;;;;;;;;;;;;;;;;;;;;;;;;;;;;;;;;;;;;;
;;;;;;;;dilution 0;1.23833333333333;1.39833333333333;2.51333333333333;;;;;;;;;;;;;;;;;;;;;;;;;;;;;;;;;;;;;;;;;;;;;;;;;;;;;;;;;;;;;;;;;;;;;
;;;;;;;;1;0.266;0.247;0.27;4;;;;;;;;;;;;;;;;;;;;;;;;;;;;;;;;;;;;;;;;;;;;;;;;;;;;;;;;;;;;;;;;;;;;
;;;;;;;;;0.272;0.251;0.271;4;;;;;;;;;;;;;;;;;;;;;;;;;;;;;;;;;;;;;;;;;;;;;;;;;;;;;;;;;;;;;;;;;;;;
;;;;;;;;;0.263;0.255;0.267;4;;;;;;;;;;;;;;;;;;;;;;;;;;;;;;;;;;;;;;;;;;;;;;;;;;;;;;;;;;;;;;;;;;;;
;;;;;;;;mean 1;0.267;0.251;0.269333333333333;4;;;;;;;;;;;;;;;;;;;;;;;;;;;;;;;;;;;;;;;;;;;;;;;;;;;;;;;;;;;;;;;;;;;;
;;;;;;;;dilution 1;1.068;1.004;1.07733333333333;;;;;;;;;;;;;;;;;;;;;;;;;;;;;;;;;;;;;;;;;;;;;;;;;;;;;;;;;;;;;;;;;;;;;
;;;;;;;;2;0.309;0.34;0.334;2;;;;;;;;;;;;;;;;;;;;;;;;;;;;;;;;;;;;;;;;;;;;;;;;;;;;;;;;;;;;;;;;;;;;
;;;;;;;;;0.314;0.341;0.332;2;;;;;;;;;;;;;;;;;;;;;;;;;;;;;;;;;;;;;;;;;;;;;;;;;;;;;;;;;;;;;;;;;;;;
;;;;;;;;;0.311;0.346;0.327;2;;;;;;;;;;;;;;;;;;;;;;;;;;;;;;;;;;;;;;;;;;;;;;;;;;;;;;;;;;;;;;;;;;;;
;;;;;;;;mean 2;0.311333333333333;0.342333333333333;0.331;2;;;;;;;;;;;;;;;;;;;;;;;;;;;;;;;;;;;;;;;;;;;;;;;;;;;;;;;;;;;;;;;;;;;;
;;;;;;;;dilution 2;0.622666666666667;0.684666666666667;0.662;;;;;;;;;;;;;;;;;;;;;;;;;;;;;;;;;;;;;;;;;;;;;;;;;;;;;;;;;;;;;;;;;;;;;
;;;;;;;;3;0.211;0.129;0.166;1;;;;;;;;;;;;;;;;;;;;;;;;;;;;;;;;;;;;;;;;;;;;;;;;;;;;;;;;;;;;;;;;;;;;
;;;;;;;;;0.207;0.128;0.17;1;;;;;;;;;;;;;;;;;;;;;;;;;;;;;;;;;;;;;;;;;;;;;;;;;;;;;;;;;;;;;;;;;;;;
;;;;;;;;;0.205;0.125;0.172;1;;;;;;;;;;;;;;;;;;;;;;;;;;;;;;;;;;;;;;;;;;;;;;;;;;;;;;;;;;;;;;;;;;;;
;;;;;;;;mean 3;0.207666666666667;0.127333333333333;0.169333333333333;1;;;;;;;;;;;;;;;;;;;;;;;;;;;;;;;;;;;;;;;;;;;;;;;;;;;;;;;;;;;;;;;;;;;;
;;;;;;;;dilution 3;0.207666666666667;0.127333333333333;0.169333333333333;;;;;;;;;;;;;;;;;;;;;;;;;;;;;;;;;;;;;;;;;;;;;;;;;;;;;;;;;;;;;;;;;;;;;
;;;;;;;;4;0.067;0.254;0.058;1;;;;;;;;;;;;;;;;;;;;;;;;;;;;;;;;;;;;;;;;;;;;;;;;;;;;;;;;;;;;;;;;;;;;
;;;;;;;;;0.066;0.26;0.057;1;;;;;;;;;;;;;;;;;;;;;;;;;;;;;;;;;;;;;;;;;;;;;;;;;;;;;;;;;;;;;;;;;;;;
;;;;;;;;;0.072;0.262;0.057;1;;;;;;;;;;;;;;;;;;;;;;;;;;;;;;;;;;;;;;;;;;;;;;;;;;;;;;;;;;;;;;;;;;;;
;;;;;;;;mean 4;0.0683333333333333;0.258666666666667;0.0573333333333333;1;;;;;;;;;;;;;;;;;;;;;;;;;;;;;;;;;;;;;;;;;;;;;;;;;;;;;;;;;;;;;;;;;;;;
;;;;;;;;dilution 4 ;0.0683333333333333;0.258666666666667;0.0573333333333333;;;;;;;;;;;;;;;;;;;;;;;;;;;;;;;;;;;;;;;;;;;;;;;;;;;;;;;;;;;;;;;;;;;;;
;;;;;;09/07/2025;11h00;0;0.448;0.421;0.585;5;;;;;;;;;;;;;;;;;;;;;;;;;;;;;;;;;;;;;;;;;;;;;;;;;;;;;;;;;;;;;;;;;;;;
;;;;;;;;;0.445;0.431;0.589;5;;;;;;;;;;;;;;;;;;;;;;;;;;;;;;;;;;;;;;;;;;;;;;;;;;;;;;;;;;;;;;;;;;;;
;;;;;;;;;0.445;0.439;0.581;5;;;;;;;;;;;;;;;;;;;;;;;;;;;;;;;;;;;;;;;;;;;;;;;;;;;;;;;;;;;;;;;;;;;;
;;;;;;;;mean 0;0.446;0.430333333333333;0.585;5;;;;;;;;;;;;;;;;;;;;;;;;;;;;;;;;;;;;;;;;;;;;;;;;;;;;;;;;;;;;;;;;;;;;
;;;;;;;;dilution 0;2.23;2.15166666666667;2.925;;;;;;;;;;;;;;;;;;;;;;;;;;;;;;;;;;;;;;;;;;;;;;;;;;;;;;;;;;;;;;;;;;;;;
;;;;;;;;1;0.372;0.344;0.416;4;;;;;;;;;;;;;;;;;;;;;;;;;;;;;;;;;;;;;;;;;;;;;;;;;;;;;;;;;;;;;;;;;;;;
;;;;;;;;;0.368;0.344;0.422;4;;;;;;;;;;;;;;;;;;;;;;;;;;;;;;;;;;;;;;;;;;;;;;;;;;;;;;;;;;;;;;;;;;;;
;;;;;;;;;0.369;0.341;0.423;4;;;;;;;;;;;;;;;;;;;;;;;;;;;;;;;;;;;;;;;;;;;;;;;;;;;;;;;;;;;;;;;;;;;;
;;;;;;;;mean 1;0.369666666666667;0.343;0.420333333333333;4;;;;;;;;;;;;;;;;;;;;;;;;;;;;;;;;;;;;;;;;;;;;;;;;;;;;;;;;;;;;;;;;;;;;
;;;;;;;;dilution 1;1.47866666666667;1.372;1.68133333333333;;;;;;;;;;;;;;;;;;;;;;;;;;;;;;;;;;;;;;;;;;;;;;;;;;;;;;;;;;;;;;;;;;;;;
;;;;;;;;2;0.427;0.46;0.545;2;;;;;;;;;;;;;;;;;;;;;;;;;;;;;;;;;;;;;;;;;;;;;;;;;;;;;;;;;;;;;;;;;;;;
;;;;;;;;;0.434;0.449;0.545;2;;;;;;;;;;;;;;;;;;;;;;;;;;;;;;;;;;;;;;;;;;;;;;;;;;;;;;;;;;;;;;;;;;;;
;;;;;;;;;0.438;0.455;0.547;2;;;;;;;;;;;;;;;;;;;;;;;;;;;;;;;;;;;;;;;;;;;;;;;;;;;;;;;;;;;;;;;;;;;;
;;;;;;;;mean 2;0.433;0.454666666666667;0.545666666666667;2;;;;;;;;;;;;;;;;;;;;;;;;;;;;;;;;;;;;;;;;;;;;;;;;;;;;;;;;;;;;;;;;;;;;
;;;;;;;;dilution 2;0.866;0.909333333333333;1.09133333333333;;;;;;;;;;;;;;;;;;;;;;;;;;;;;;;;;;;;;;;;;;;;;;;;;;;;;;;;;;;;;;;;;;;;;
;;;;;;;;3;0.291;0.161;0.224;1;;;;;;;;;;;;;;;;;;;;;;;;;;;;;;;;;;;;;;;;;;;;;;;;;;;;;;;;;;;;;;;;;;;;
;;;;;;;;;0.287;0.166;0.224;1;;;;;;;;;;;;;;;;;;;;;;;;;;;;;;;;;;;;;;;;;;;;;;;;;;;;;;;;;;;;;;;;;;;;
;;;;;;;;;0.287;0.163;0.224;1;;;;;;;;;;;;;;;;;;;;;;;;;;;;;;;;;;;;;;;;;;;;;;;;;;;;;;;;;;;;;;;;;;;;
;;;;;;;;mean 3;0.288333333333333;0.163333333333333;0.224;1;;;;;;;;;;;;;;;;;;;;;;;;;;;;;;;;;;;;;;;;;;;;;;;;;;;;;;;;;;;;;;;;;;;;
;;;;;;;;dilution 3;0.288333333333333;0.163333333333333;0.224;;;;;;;;;;;;;;;;;;;;;;;;;;;;;;;;;;;;;;;;;;;;;;;;;;;;;;;;;;;;;;;;;;;;;
;;;;;;;;4;0.09;0.343;0.087;1;;;;;;;;;;;;;;;;;;;;;;;;;;;;;;;;;;;;;;;;;;;;;;;;;;;;;;;;;;;;;;;;;;;;
;;;;;;;;;0.091;0.342;0.089;1;;;;;;;;;;;;;;;;;;;;;;;;;;;;;;;;;;;;;;;;;;;;;;;;;;;;;;;;;;;;;;;;;;;;
;;;;;;;;;0.092;0.346;0.089;1;;;;;;;;;;;;;;;;;;;;;;;;;;;;;;;;;;;;;;;;;;;;;;;;;;;;;;;;;;;;;;;;;;;;
;;;;;;;;mean 4;0.091;0.343666666666667;0.0883333333333333;1;;;;;;;;;;;;;;;;;;;;;;;;;;;;;;;;;;;;;;;;;;;;;;;;;;;;;;;;;;;;;;;;;;;;
;;;;;;;;dilution 4 ;0.091;0.343666666666667;0.0883333333333333;;;;;;;;;;;;;;;;;;;;;;;;;;;;;;;;;;;;;;;;;;;;;;;;;;;;;;;;;;;;;;;;;;;;;
;;;;;;09/07/2025;13h45;0;0.307;0.354;0.5;10;;;;;;;;;;;;;;;;;;;;;;;;;;;;;;;;;;;;;;;;;;;;;;;;;;;;;;;;;;;;;;;;;;;;
;;;;;;;;;0.308;0.36;0.496;10;;;;;;;;;;;;;;;;;;;;;;;;;;;;;;;;;;;;;;;;;;;;;;;;;;;;;;;;;;;;;;;;;;;;
;;;;;;;;;0.312;0.353;0.491;10;;;;;;;;;;;;;;;;;;;;;;;;;;;;;;;;;;;;;;;;;;;;;;;;;;;;;;;;;;;;;;;;;;;;
;;;;;;;;mean 0;0.309;0.355666666666667;0.495666666666667;10;;;;;;;;;;;;;;;;;;;;;;;;;;;;;;;;;;;;;;;;;;;;;;;;;;;;;;;;;;;;;;;;;;;;
;;;;;;;;dilution 0;3.09;3.55666666666667;4.95666666666667;;;;;;;;;;;;;;;;;;;;;;;;;;;;;;;;;;;;;;;;;;;;;;;;;;;;;;;;;;;;;;;;;;;;;
;;;;;;;;1;0.471;0.468;0.518;5;;;;;;;;;;;;;;;;;;;;;;;;;;;;;;;;;;;;;;;;;;;;;;;;;;;;;;;;;;;;;;;;;;;;
;;;;;;;;;0.473;0.471;0.517;5;;;;;;;;;;;;;;;;;;;;;;;;;;;;;;;;;;;;;;;;;;;;;;;;;;;;;;;;;;;;;;;;;;;;
;;;;;;;;;0.471;0.479;0.517;5;;;;;;;;;;;;;;;;;;;;;;;;;;;;;;;;;;;;;;;;;;;;;;;;;;;;;;;;;;;;;;;;;;;;
;;;;;;;;mean 1;0.471666666666667;0.472666666666667;0.517333333333333;5;;;;;;;;;;;;;;;;;;;;;;;;;;;;;;;;;;;;;;;;;;;;;;;;;;;;;;;;;;;;;;;;;;;;
;;;;;;;;dilution 1;2.35833333333333;2.36333333333333;2.58666666666667;;;;;;;;;;;;;;;;;;;;;;;;;;;;;;;;;;;;;;;;;;;;;;;;;;;;;;;;;;;;;;;;;;;;;
;;;;;;;;2;0.353;0.395;0.429;4;;;;;;;;;;;;;;;;;;;;;;;;;;;;;;;;;;;;;;;;;;;;;;;;;;;;;;;;;;;;;;;;;;;;
;;;;;;;;;0.353;0.403;0.427;4;;;;;;;;;;;;;;;;;;;;;;;;;;;;;;;;;;;;;;;;;;;;;;;;;;;;;;;;;;;;;;;;;;;;
;;;;;;;;;0.358;0.394;0.428;4;;;;;;;;;;;;;;;;;;;;;;;;;;;;;;;;;;;;;;;;;;;;;;;;;;;;;;;;;;;;;;;;;;;;
;;;;;;;;mean 2;0.354666666666667;0.397333333333333;0.428;4;;;;;;;;;;;;;;;;;;;;;;;;;;;;;;;;;;;;;;;;;;;;;;;;;;;;;;;;;;;;;;;;;;;;
;;;;;;;;dilution 2;1.41866666666667;1.58933333333333;1.712;;;;;;;;;;;;;;;;;;;;;;;;;;;;;;;;;;;;;;;;;;;;;;;;;;;;;;;;;;;;;;;;;;;;;
;;;;;;;;3;0.39;0.248;0.315;1;;;;;;;;;;;;;;;;;;;;;;;;;;;;;;;;;;;;;;;;;;;;;;;;;;;;;;;;;;;;;;;;;;;;
;;;;;;;;;0.388;0.246;0.317;1;;;;;;;;;;;;;;;;;;;;;;;;;;;;;;;;;;;;;;;;;;;;;;;;;;;;;;;;;;;;;;;;;;;;
;;;;;;;;;0.389;0.253;0.313;1;;;;;;;;;;;;;;;;;;;;;;;;;;;;;;;;;;;;;;;;;;;;;;;;;;;;;;;;;;;;;;;;;;;;
;;;;;;;;mean 3;0.389;0.249;0.315;1;;;;;;;;;;;;;;;;;;;;;;;;;;;;;;;;;;;;;;;;;;;;;;;;;;;;;;;;;;;;;;;;;;;;
;;;;;;;;dilution 3;0.389;0.249;0.315;;;;;;;;;;;;;;;;;;;;;;;;;;;;;;;;;;;;;;;;;;;;;;;;;;;;;;;;;;;;;;;;;;;;;
;;;;;;;;4;0.094;0.447;0.093;1;;;;;;;;;;;;;;;;;;;;;;;;;;;;;;;;;;;;;;;;;;;;;;;;;;;;;;;;;;;;;;;;;;;;
;;;;;;;;;0.091;0.448;0.091;1;;;;;;;;;;;;;;;;;;;;;;;;;;;;;;;;;;;;;;;;;;;;;;;;;;;;;;;;;;;;;;;;;;;;
;;;;;;;;;0.097;0.446;0.09;1;;;;;;;;;;;;;;;;;;;;;;;;;;;;;;;;;;;;;;;;;;;;;;;;;;;;;;;;;;;;;;;;;;;;
;;;;;;;;mean 4;0.094;0.447;0.0913333333333333;1;;;;;;;;;;;;;;;;;;;;;;;;;;;;;;;;;;;;;;;;;;;;;;;;;;;;;;;;;;;;;;;;;;;;
;;;;;;;;dilution 4 ;0.094;0.447;0.0913333333333333;;;;;;;;;;;;;;;;;;;;;;;;;;;;;;;;;;;;;;;;;;;;;;;;;;;;;;;;;;;;;;;;;;;;;
;;;;;;09/07/2025;17h28;0;0.249;0.3;0.365;20;;;;;;;;;;;;;;;;;;;;;;;;;;;;;;;;;;;;;;;;;;;;;;;;;;;;;;;;;;;;;;;;;;;;
;;;;;;;;;0.253;0.301;0.368;20;;;;;;;;;;;;;;;;;;;;;;;;;;;;;;;;;;;;;;;;;;;;;;;;;;;;;;;;;;;;;;;;;;;;
;;;;;;;;;0.253;0.295;0.372;20;;;;;;;;;;;;;;;;;;;;;;;;;;;;;;;;;;;;;;;;;;;;;;;;;;;;;;;;;;;;;;;;;;;;
;;;;;;;;mean 0;0.251666666666667;0.298666666666667;0.368333333333333;20;;;;;;;;;;;;;;;;;;;;;;;;;;;;;;;;;;;;;;;;;;;;;;;;;;;;;;;;;;;;;;;;;;;;
;;;;;;;;dilution 0;5.03333333333333;5.97333333333333;7.36666666666667;;;;;;;;;;;;;;;;;;;;;;;;;;;;;;;;;;;;;;;;;;;;;;;;;;;;;;;;;;;;;;;;;;;;;
;;;;;;;;1;0.35;0.376;0.373;10;;;;;;;;;;;;;;;;;;;;;;;;;;;;;;;;;;;;;;;;;;;;;;;;;;;;;;;;;;;;;;;;;;;;
;;;;;;;;;0.348;0.369;0.379;10;;;;;;;;;;;;;;;;;;;;;;;;;;;;;;;;;;;;;;;;;;;;;;;;;;;;;;;;;;;;;;;;;;;;
;;;;;;;;;0.345;0.371;0.375;10;;;;;;;;;;;;;;;;;;;;;;;;;;;;;;;;;;;;;;;;;;;;;;;;;;;;;;;;;;;;;;;;;;;;
;;;;;;;;mean 1;0.347666666666667;0.372;0.375666666666667;10;;;;;;;;;;;;;;;;;;;;;;;;;;;;;;;;;;;;;;;;;;;;;;;;;;;;;;;;;;;;;;;;;;;;
;;;;;;;;dilution 1;3.47666666666667;3.72;3.75666666666667;;;;;;;;;;;;;;;;;;;;;;;;;;;;;;;;;;;;;;;;;;;;;;;;;;;;;;;;;;;;;;;;;;;;;
;;;;;;;;2;0.399;0.419;0.488;5;;;;;;;;;;;;;;;;;;;;;;;;;;;;;;;;;;;;;;;;;;;;;;;;;;;;;;;;;;;;;;;;;;;;
;;;;;;;;;0.399;0.419;0.487;5;;;;;;;;;;;;;;;;;;;;;;;;;;;;;;;;;;;;;;;;;;;;;;;;;;;;;;;;;;;;;;;;;;;;
;;;;;;;;;0.399;0.42;0.485;5;;;;;;;;;;;;;;;;;;;;;;;;;;;;;;;;;;;;;;;;;;;;;;;;;;;;;;;;;;;;;;;;;;;;
;;;;;;;;mean 2;0.399;0.419333333333333;0.486666666666667;5;;;;;;;;;;;;;;;;;;;;;;;;;;;;;;;;;;;;;;;;;;;;;;;;;;;;;;;;;;;;;;;;;;;;
;;;;;;;;dilution 2;1.995;2.09666666666667;2.43333333333333;;;;;;;;;;;;;;;;;;;;;;;;;;;;;;;;;;;;;;;;;;;;;;;;;;;;;;;;;;;;;;;;;;;;;
;;;;;;;;3;0.171;0.129;0.165;4;;;;;;;;;;;;;;;;;;;;;;;;;;;;;;;;;;;;;;;;;;;;;;;;;;;;;;;;;;;;;;;;;;;;
;;;;;;;;;0.176;0.123;0.168;4;;;;;;;;;;;;;;;;;;;;;;;;;;;;;;;;;;;;;;;;;;;;;;;;;;;;;;;;;;;;;;;;;;;;
;;;;;;;;;0.173;0.128;0.171;4;;;;;;;;;;;;;;;;;;;;;;;;;;;;;;;;;;;;;;;;;;;;;;;;;;;;;;;;;;;;;;;;;;;;
;;;;;;;;mean 3;0.173333333333333;0.126666666666667;0.168;4;;;;;;;;;;;;;;;;;;;;;;;;;;;;;;;;;;;;;;;;;;;;;;;;;;;;;;;;;;;;;;;;;;;;
;;;;;;;;dilution 3;0.693333333333333;0.506666666666667;0.672;;;;;;;;;;;;;;;;;;;;;;;;;;;;;;;;;;;;;;;;;;;;;;;;;;;;;;;;;;;;;;;;;;;;;
;;;;;;;;4;0.13;0.558;0.133;1;;;;;;;;;;;;;;;;;;;;;;;;;;;;;;;;;;;;;;;;;;;;;;;;;;;;;;;;;;;;;;;;;;;;
;;;;;;;;;0.128;0.548;0.134;1;;;;;;;;;;;;;;;;;;;;;;;;;;;;;;;;;;;;;;;;;;;;;;;;;;;;;;;;;;;;;;;;;;;;
;;;;;;;;;0.133;0.555;0.13;1;;;;;;;;;;;;;;;;;;;;;;;;;;;;;;;;;;;;;;;;;;;;;;;;;;;;;;;;;;;;;;;;;;;;
;;;;;;;;mean 4;0.130333333333333;0.553666666666667;0.132333333333333;1;;;;;;;;;;;;;;;;;;;;;;;;;;;;;;;;;;;;;;;;;;;;;;;;;;;;;;;;;;;;;;;;;;;;
;;;;;;;;dilution 4 ;0.130333333333333;0.553666666666667;0.132333333333333;;;;;;;;;;;;;;;;;;;;;;;;;;;;;;;;;;;;;;;;;;;;;;;;;;;;;;;;;;;;;;;;;;;;;
;;;;;;10/07/2025;8h24;0;0.546;0.585;0.582;20;;;;;;;;;;;;;;;;;;;;;;;;;;;;;;;;;;;;;;;;;;;;;;;;;;;;;;;;;;;;;;;;;;;;
;;;;;;;;;0.548;0.585;0.586;20;;;;;;;;;;;;;;;;;;;;;;;;;;;;;;;;;;;;;;;;;;;;;;;;;;;;;;;;;;;;;;;;;;;;
;;;;;;;;;0.553;0.582;0.58;20;;;;;;;;;;;;;;;;;;;;;;;;;;;;;;;;;;;;;;;;;;;;;;;;;;;;;;;;;;;;;;;;;;;;
;;;;;;;;mean 0;0.549;0.584;0.582666666666667;20;;;;;;;;;;;;;;;;;;;;;;;;;;;;;;;;;;;;;;;;;;;;;;;;;;;;;;;;;;;;;;;;;;;;
;;;;;;;;dilution 0;10.98;11.68;11.6533333333333;;;;;;;;;;;;;;;;;;;;;;;;;;;;;;;;;;;;;;;;;;;;;;;;;;;;;;;;;;;;;;;;;;;;;
;;;;;;;;1;0.366;0.372;0.365;20;;;;;;;;;;;;;;;;;;;;;;;;;;;;;;;;;;;;;;;;;;;;;;;;;;;;;;;;;;;;;;;;;;;;
;;;;;;;;;0.366;0.38;0.36;20;;;;;;;;;;;;;;;;;;;;;;;;;;;;;;;;;;;;;;;;;;;;;;;;;;;;;;;;;;;;;;;;;;;;
;;;;;;;;;0.359;0.373;0.36;20;;;;;;;;;;;;;;;;;;;;;;;;;;;;;;;;;;;;;;;;;;;;;;;;;;;;;;;;;;;;;;;;;;;;
;;;;;;;;mean 1;0.363666666666667;0.375;0.361666666666667;20;;;;;;;;;;;;;;;;;;;;;;;;;;;;;;;;;;;;;;;;;;;;;;;;;;;;;;;;;;;;;;;;;;;;
;;;;;;;;dilution 1;7.27333333333333;7.5;7.23333333333333;;;;;;;;;;;;;;;;;;;;;;;;;;;;;;;;;;;;;;;;;;;;;;;;;;;;;;;;;;;;;;;;;;;;;
;;;;;;;;2;0.709;0.718;0.696;5;;;;;;;;;;;;;;;;;;;;;;;;;;;;;;;;;;;;;;;;;;;;;;;;;;;;;;;;;;;;;;;;;;;;
;;;;;;;;;0.705;0.711;0.701;5;;;;;;;;;;;;;;;;;;;;;;;;;;;;;;;;;;;;;;;;;;;;;;;;;;;;;;;;;;;;;;;;;;;;
;;;;;;;;;0.713;0.716;0.702;5;;;;;;;;;;;;;;;;;;;;;;;;;;;;;;;;;;;;;;;;;;;;;;;;;;;;;;;;;;;;;;;;;;;;
;;;;;;;;mean 2;0.709;0.715;0.699666666666667;5;;;;;;;;;;;;;;;;;;;;;;;;;;;;;;;;;;;;;;;;;;;;;;;;;;;;;;;;;;;;;;;;;;;;
;;;;;;;;dilution 2;3.545;3.575;3.49833333333333;;;;;;;;;;;;;;;;;;;;;;;;;;;;;;;;;;;;;;;;;;;;;;;;;;;;;;;;;;;;;;;;;;;;;
;;;;;;;;3;0.377;0.325;0.34;5;;;;;;;;;;;;;;;;;;;;;;;;;;;;;;;;;;;;;;;;;;;;;;;;;;;;;;;;;;;;;;;;;;;;
;;;;;;;;;0.377;0.329;0.34;5;;;;;;;;;;;;;;;;;;;;;;;;;;;;;;;;;;;;;;;;;;;;;;;;;;;;;;;;;;;;;;;;;;;;
;;;;;;;;;0.372;0.325;0.341;5;;;;;;;;;;;;;;;;;;;;;;;;;;;;;;;;;;;;;;;;;;;;;;;;;;;;;;;;;;;;;;;;;;;;
;;;;;;;;mean 3;0.375333333333333;0.326333333333333;0.340333333333333;5;;;;;;;;;;;;;;;;;;;;;;;;;;;;;;;;;;;;;;;;;;;;;;;;;;;;;;;;;;;;;;;;;;;;
;;;;;;;;dilution 3;1.87666666666667;1.63166666666667;1.70166666666667;;;;;;;;;;;;;;;;;;;;;;;;;;;;;;;;;;;;;;;;;;;;;;;;;;;;;;;;;;;;;;;;;;;;;
;;;;;;;;4;0.122;0.25;0.132;4;;;;;;;;;;;;;;;;;;;;;;;;;;;;;;;;;;;;;;;;;;;;;;;;;;;;;;;;;;;;;;;;;;;;
;;;;;;;;;0.125;0.249;0.136;4;;;;;;;;;;;;;;;;;;;;;;;;;;;;;;;;;;;;;;;;;;;;;;;;;;;;;;;;;;;;;;;;;;;;
;;;;;;;;;0.128;0.25;0.139;4;;;;;;;;;;;;;;;;;;;;;;;;;;;;;;;;;;;;;;;;;;;;;;;;;;;;;;;;;;;;;;;;;;;;
;;;;;;;;mean 4;0.125;0.249666666666667;0.135666666666667;4;;;;;;;;;;;;;;;;;;;;;;;;;;;;;;;;;;;;;;;;;;;;;;;;;;;;;;;;;;;;;;;;;;;;
;;;;;;;;dilution 4 ;0.5;0.998666666666667;0.542666666666667;;;;;;;;;;;;;;;;;;;;;;;;;;;;;;;;;;;;;;;;;;;;;;;;;;;;;;;;;;;;;;;;;;;;;
;;;;;;10/07/2025;10h59;0;0.573;0.629;0.617;20;;;;;;;;;;;;;;;;;;;;;;;;;;;;;;;;;;;;;;;;;;;;;;;;;;;;;;;;;;;;;;;;;;;;
;;;;;;;;;0.577;0.632;0.611;20;;;;;;;;;;;;;;;;;;;;;;;;;;;;;;;;;;;;;;;;;;;;;;;;;;;;;;;;;;;;;;;;;;;;
;;;;;;;;;0.576;0.639;0.604;20;;;;;;;;;;;;;;;;;;;;;;;;;;;;;;;;;;;;;;;;;;;;;;;;;;;;;;;;;;;;;;;;;;;;
;;;;;;;;mean 0;0.575333333333333;0.633333333333333;0.610666666666667;20;;;;;;;;;;;;;;;;;;;;;;;;;;;;;;;;;;;;;;;;;;;;;;;;;;;;;;;;;;;;;;;;;;;;
;;;;;;;;dilution 0;11.5066666666667;12.6666666666667;12.2133333333333;;;;;;;;;;;;;;;;;;;;;;;;;;;;;;;;;;;;;;;;;;;;;;;;;;;;;;;;;;;;;;;;;;;;;
;;;;;;;;1;0.375;0.382;0.387;20;;;;;;;;;;;;;;;;;;;;;;;;;;;;;;;;;;;;;;;;;;;;;;;;;;;;;;;;;;;;;;;;;;;;
;;;;;;;;;0.376;0.386;0.389;20;;;;;;;;;;;;;;;;;;;;;;;;;;;;;;;;;;;;;;;;;;;;;;;;;;;;;;;;;;;;;;;;;;;;
;;;;;;;;;0.381;0.386;0.383;20;;;;;;;;;;;;;;;;;;;;;;;;;;;;;;;;;;;;;;;;;;;;;;;;;;;;;;;;;;;;;;;;;;;;
;;;;;;;;mean 1;0.377333333333333;0.384666666666667;0.386333333333333;20;;;;;;;;;;;;;;;;;;;;;;;;;;;;;;;;;;;;;;;;;;;;;;;;;;;;;;;;;;;;;;;;;;;;
;;;;;;;;dilution 1;7.54666666666667;7.69333333333333;7.72666666666667;;;;;;;;;;;;;;;;;;;;;;;;;;;;;;;;;;;;;;;;;;;;;;;;;;;;;;;;;;;;;;;;;;;;;
;;;;;;;;2;0.389;0.394;0.374;10;;;;;;;;;;;;;;;;;;;;;;;;;;;;;;;;;;;;;;;;;;;;;;;;;;;;;;;;;;;;;;;;;;;;
;;;;;;;;;0.388;0.39;0.375;10;;;;;;;;;;;;;;;;;;;;;;;;;;;;;;;;;;;;;;;;;;;;;;;;;;;;;;;;;;;;;;;;;;;;
;;;;;;;;;0.381;0.391;0.372;10;;;;;;;;;;;;;;;;;;;;;;;;;;;;;;;;;;;;;;;;;;;;;;;;;;;;;;;;;;;;;;;;;;;;
;;;;;;;;mean 2;0.386;0.391666666666667;0.373666666666667;10;;;;;;;;;;;;;;;;;;;;;;;;;;;;;;;;;;;;;;;;;;;;;;;;;;;;;;;;;;;;;;;;;;;;
;;;;;;;;dilution 2;3.86;3.91666666666667;3.73666666666667;;;;;;;;;;;;;;;;;;;;;;;;;;;;;;;;;;;;;;;;;;;;;;;;;;;;;;;;;;;;;;;;;;;;;
;;;;;;;;3;0.399;0.347;0.365;5;;;;;;;;;;;;;;;;;;;;;;;;;;;;;;;;;;;;;;;;;;;;;;;;;;;;;;;;;;;;;;;;;;;;
;;;;;;;;;0.405;0.343;0.365;5;;;;;;;;;;;;;;;;;;;;;;;;;;;;;;;;;;;;;;;;;;;;;;;;;;;;;;;;;;;;;;;;;;;;
;;;;;;;;;0.404;0.347;0.365;5;;;;;;;;;;;;;;;;;;;;;;;;;;;;;;;;;;;;;;;;;;;;;;;;;;;;;;;;;;;;;;;;;;;;
;;;;;;;;mean 3;0.402666666666667;0.345666666666667;0.365;5;;;;;;;;;;;;;;;;;;;;;;;;;;;;;;;;;;;;;;;;;;;;;;;;;;;;;;;;;;;;;;;;;;;;
;;;;;;;;dilution 3;2.01333333333333;1.72833333333333;1.825;;;;;;;;;;;;;;;;;;;;;;;;;;;;;;;;;;;;;;;;;;;;;;;;;;;;;;;;;;;;;;;;;;;;;
;;;;;;;;4;0.177;0.264;0.172;4;;;;;;;;;;;;;;;;;;;;;;;;;;;;;;;;;;;;;;;;;;;;;;;;;;;;;;;;;;;;;;;;;;;;
;;;;;;;;;0.177;0.268;0.17;4;;;;;;;;;;;;;;;;;;;;;;;;;;;;;;;;;;;;;;;;;;;;;;;;;;;;;;;;;;;;;;;;;;;;
;;;;;;;;;0.177;0.269;0.173;4;;;;;;;;;;;;;;;;;;;;;;;;;;;;;;;;;;;;;;;;;;;;;;;;;;;;;;;;;;;;;;;;;;;;
;;;;;;;;mean 4;0.177;0.267;0.171666666666667;4;;;;;;;;;;;;;;;;;;;;;;;;;;;;;;;;;;;;;;;;;;;;;;;;;;;;;;;;;;;;;;;;;;;;
;;;;;;;;dilution 4 ;0.708;1.068;0.686666666666667;;;;;;;;;;;;;;;;;;;;;;;;;;;;;;;;;;;;;;;;;;;;;;;;;;;;;;;;;;;;;;;;;;;;;
;;;;;;10/07/2025;16h15;0;0.609;0.658;0.588;20;;;;;;;;;;;;;;;;;;;;;;;;;;;;;;;;;;;;;;;;;;;;;;;;;;;;;;;;;;;;;;;;;;;;
;;;;;;;;;0.601;0.661;0.58;20;;;;;;;;;;;;;;;;;;;;;;;;;;;;;;;;;;;;;;;;;;;;;;;;;;;;;;;;;;;;;;;;;;;;
;;;;;;;;;0.618;0.66;0.588;20;;;;;;;;;;;;;;;;;;;;;;;;;;;;;;;;;;;;;;;;;;;;;;;;;;;;;;;;;;;;;;;;;;;;
;;;;;;;;mean 0;0.609333333333333;0.659666666666667;0.585333333333333;20;;;;;;;;;;;;;;;;;;;;;;;;;;;;;;;;;;;;;;;;;;;;;;;;;;;;;;;;;;;;;;;;;;;;
;;;;;;;;dilution 0;12.1866666666667;13.1933333333333;11.7066666666667;;;;;;;;;;;;;;;;;;;;;;;;;;;;;;;;;;;;;;;;;;;;;;;;;;;;;;;;;;;;;;;;;;;;;
;;;;;;;;1;0.402;0.415;0.382;20;;;;;;;;;;;;;;;;;;;;;;;;;;;;;;;;;;;;;;;;;;;;;;;;;;;;;;;;;;;;;;;;;;;;
;;;;;;;;;0.398;0.414;0.379;20;;;;;;;;;;;;;;;;;;;;;;;;;;;;;;;;;;;;;;;;;;;;;;;;;;;;;;;;;;;;;;;;;;;;
;;;;;;;;;0.403;0.408;0.387;20;;;;;;;;;;;;;;;;;;;;;;;;;;;;;;;;;;;;;;;;;;;;;;;;;;;;;;;;;;;;;;;;;;;;
;;;;;;;;mean 1;0.401;0.412333333333333;0.382666666666667;20;;;;;;;;;;;;;;;;;;;;;;;;;;;;;;;;;;;;;;;;;;;;;;;;;;;;;;;;;;;;;;;;;;;;
;;;;;;;;dilution 1;8.02;8.24666666666667;7.65333333333333;;;;;;;;;;;;;;;;;;;;;;;;;;;;;;;;;;;;;;;;;;;;;;;;;;;;;;;;;;;;;;;;;;;;;
;;;;;;;;2;0.377;0.405;0.386;10;;;;;;;;;;;;;;;;;;;;;;;;;;;;;;;;;;;;;;;;;;;;;;;;;;;;;;;;;;;;;;;;;;;;
;;;;;;;;;0.374;0.405;0.386;10;;;;;;;;;;;;;;;;;;;;;;;;;;;;;;;;;;;;;;;;;;;;;;;;;;;;;;;;;;;;;;;;;;;;
;;;;;;;;;0.38;0.403;0.382;10;;;;;;;;;;;;;;;;;;;;;;;;;;;;;;;;;;;;;;;;;;;;;;;;;;;;;;;;;;;;;;;;;;;;
;;;;;;;;mean 2;0.377;0.404333333333333;0.384666666666667;10;;;;;;;;;;;;;;;;;;;;;;;;;;;;;;;;;;;;;;;;;;;;;;;;;;;;;;;;;;;;;;;;;;;;
;;;;;;;;dilution 2;3.77;4.04333333333333;3.84666666666667;;;;;;;;;;;;;;;;;;;;;;;;;;;;;;;;;;;;;;;;;;;;;;;;;;;;;;;;;;;;;;;;;;;;;
;;;;;;;;3;0.422;0.368;0.386;5;;;;;;;;;;;;;;;;;;;;;;;;;;;;;;;;;;;;;;;;;;;;;;;;;;;;;;;;;;;;;;;;;;;;
;;;;;;;;;0.422;0.371;0.39;5;;;;;;;;;;;;;;;;;;;;;;;;;;;;;;;;;;;;;;;;;;;;;;;;;;;;;;;;;;;;;;;;;;;;
;;;;;;;;;0.432;0.374;0.391;5;;;;;;;;;;;;;;;;;;;;;;;;;;;;;;;;;;;;;;;;;;;;;;;;;;;;;;;;;;;;;;;;;;;;
;;;;;;;;mean 3;0.425333333333333;0.371;0.389;5;;;;;;;;;;;;;;;;;;;;;;;;;;;;;;;;;;;;;;;;;;;;;;;;;;;;;;;;;;;;;;;;;;;;
;;;;;;;;dilution 3;2.12666666666667;1.855;1.945;;;;;;;;;;;;;;;;;;;;;;;;;;;;;;;;;;;;;;;;;;;;;;;;;;;;;;;;;;;;;;;;;;;;;
;;;;;;;;4;0.206;0.273;0.215;4;;;;;;;;;;;;;;;;;;;;;;;;;;;;;;;;;;;;;;;;;;;;;;;;;;;;;;;;;;;;;;;;;;;;
;;;;;;;;;0.209;0.278;0.214;4;;;;;;;;;;;;;;;;;;;;;;;;;;;;;;;;;;;;;;;;;;;;;;;;;;;;;;;;;;;;;;;;;;;;
;;;;;;;;;0.206;0.274;0.215;4;;;;;;;;;;;;;;;;;;;;;;;;;;;;;;;;;;;;;;;;;;;;;;;;;;;;;;;;;;;;;;;;;;;;
;;;;;;;;mean 4;0.207;0.275;0.214666666666667;4;;;;;;;;;;;;;;;;;;;;;;;;;;;;;;;;;;;;;;;;;;;;;;;;;;;;;;;;;;;;;;;;;;;;
;;;;;;;;dilution 4 ;0.828;1.1;0.858666666666667;;;;;;;;;;;;;;;;;;;;;;;;;;;;;;;;;;;;;;;;;;;;;;;;;;;;;;;;;;;;;;;;;;;;;
;;;;;;11/07/2025;8h01;0;0.578;0.639;0.604;20;;;;;;;;;;;;;;;;;;;;;;;;;;;;;;;;;;;;;;;;;;;;;;;;;;;;;;;;;;;;;;;;;;;;
;;;;;;;;;0.582;0.642;0.601;20;;;;;;;;;;;;;;;;;;;;;;;;;;;;;;;;;;;;;;;;;;;;;;;;;;;;;;;;;;;;;;;;;;;;
;;;;;;;;;0.584;0.641;0.6;20;;;;;;;;;;;;;;;;;;;;;;;;;;;;;;;;;;;;;;;;;;;;;;;;;;;;;;;;;;;;;;;;;;;;
;;;;;;;;mean 0;0.581333333333333;0.640666666666667;0.601666666666667;20;;;;;;;;;;;;;;;;;;;;;;;;;;;;;;;;;;;;;;;;;;;;;;;;;;;;;;;;;;;;;;;;;;;;
;;;;;;;;dilution 0;11.6266666666667;12.8133333333333;12.0333333333333;;;;;;;;;;;;;;;;;;;;;;;;;;;;;;;;;;;;;;;;;;;;;;;;;;;;;;;;;;;;;;;;;;;;;
;;;;;;;;1;0.418;0.424;0.38;20;;;;;;;;;;;;;;;;;;;;;;;;;;;;;;;;;;;;;;;;;;;;;;;;;;;;;;;;;;;;;;;;;;;;
;;;;;;;;;0.415;0.424;0.373;20;;;;;;;;;;;;;;;;;;;;;;;;;;;;;;;;;;;;;;;;;;;;;;;;;;;;;;;;;;;;;;;;;;;;
;;;;;;;;;0.412;0.424;0.376;20;;;;;;;;;;;;;;;;;;;;;;;;;;;;;;;;;;;;;;;;;;;;;;;;;;;;;;;;;;;;;;;;;;;;
;;;;;;;;mean 1;0.415;0.424;0.376333333333333;20;;;;;;;;;;;;;;;;;;;;;;;;;;;;;;;;;;;;;;;;;;;;;;;;;;;;;;;;;;;;;;;;;;;;
;;;;;;;;dilution 1;8.3;8.48;7.52666666666667;;;;;;;;;;;;;;;;;;;;;;;;;;;;;;;;;;;;;;;;;;;;;;;;;;;;;;;;;;;;;;;;;;;;;
;;;;;;;;2;0.417;0.42;0.402;10;;;;;;;;;;;;;;;;;;;;;;;;;;;;;;;;;;;;;;;;;;;;;;;;;;;;;;;;;;;;;;;;;;;;
;;;;;;;;;0.42;0.421;0.404;10;;;;;;;;;;;;;;;;;;;;;;;;;;;;;;;;;;;;;;;;;;;;;;;;;;;;;;;;;;;;;;;;;;;;
;;;;;;;;;0.419;0.417;0.403;10;;;;;;;;;;;;;;;;;;;;;;;;;;;;;;;;;;;;;;;;;;;;;;;;;;;;;;;;;;;;;;;;;;;;
;;;;;;;;mean 2;0.418666666666667;0.419333333333333;0.403;10;;;;;;;;;;;;;;;;;;;;;;;;;;;;;;;;;;;;;;;;;;;;;;;;;;;;;;;;;;;;;;;;;;;;
;;;;;;;;dilution 2;4.18666666666667;4.19333333333333;4.03;;;;;;;;;;;;;;;;;;;;;;;;;;;;;;;;;;;;;;;;;;;;;;;;;;;;;;;;;;;;;;;;;;;;;
;;;;;;;;3;0.438;0.424;0.434;5;;;;;;;;;;;;;;;;;;;;;;;;;;;;;;;;;;;;;;;;;;;;;;;;;;;;;;;;;;;;;;;;;;;;
;;;;;;;;;0.44;0.427;0.437;5;;;;;;;;;;;;;;;;;;;;;;;;;;;;;;;;;;;;;;;;;;;;;;;;;;;;;;;;;;;;;;;;;;;;
;;;;;;;;;0.444;0.421;0.43;5;;;;;;;;;;;;;;;;;;;;;;;;;;;;;;;;;;;;;;;;;;;;;;;;;;;;;;;;;;;;;;;;;;;;
;;;;;;;;mean 3;0.440666666666667;0.424;0.433666666666667;5;;;;;;;;;;;;;;;;;;;;;;;;;;;;;;;;;;;;;;;;;;;;;;;;;;;;;;;;;;;;;;;;;;;;
;;;;;;;;dilution 3;2.20333333333333;2.12;2.16833333333333;;;;;;;;;;;;;;;;;;;;;;;;;;;;;;;;;;;;;;;;;;;;;;;;;;;;;;;;;;;;;;;;;;;;;
;;;;;;;;4;0.279;0.298;0.284;4;;;;;;;;;;;;;;;;;;;;;;;;;;;;;;;;;;;;;;;;;;;;;;;;;;;;;;;;;;;;;;;;;;;;
;;;;;;;;;0.276;0.293;0.282;4;;;;;;;;;;;;;;;;;;;;;;;;;;;;;;;;;;;;;;;;;;;;;;;;;;;;;;;;;;;;;;;;;;;;
;;;;;;;;;0.271;0.292;0.281;4;;;;;;;;;;;;;;;;;;;;;;;;;;;;;;;;;;;;;;;;;;;;;;;;;;;;;;;;;;;;;;;;;;;;
;;;;;;;;mean 4;0.275333333333333;0.294333333333333;0.282333333333333;4;;;;;;;;;;;;;;;;;;;;;;;;;;;;;;;;;;;;;;;;;;;;;;;;;;;;;;;;;;;;;;;;;;;;
;;;;;;;;dilution 4 ;1.10133333333333;1.17733333333333;1.12933333333333;;;;;;;;;;;;;;;;;;;;;;;;;;;;;;;;;;;;;;;;;;;;;;;;;;;;;;;;;;;;;;;;;;;;;
;;;;;;11/07/2025;15h14;0;0.569;0.595;0.572;20;;;;;;;;;;;;;;;;;;;;;;;;;;;;;;;;;;;;;;;;;;;;;;;;;;;;;;;;;;;;;;;;;;;;
;;;;;;;;;0.575;0.597;0.575;20;;;;;;;;;;;;;;;;;;;;;;;;;;;;;;;;;;;;;;;;;;;;;;;;;;;;;;;;;;;;;;;;;;;;
;;;;;;;;;0.572;0.585;0.576;20;;;;;;;;;;;;;;;;;;;;;;;;;;;;;;;;;;;;;;;;;;;;;;;;;;;;;;;;;;;;;;;;;;;;
;;;;;;;;mean 0;0.572;0.592333333333333;0.574333333333333;20;;;;;;;;;;;;;;;;;;;;;;;;;;;;;;;;;;;;;;;;;;;;;;;;;;;;;;;;;;;;;;;;;;;;
;;;;;;;;dilution 0;11.44;11.8466666666667;11.4866666666667;;;;;;;;;;;;;;;;;;;;;;;;;;;;;;;;;;;;;;;;;;;;;;;;;;;;;;;;;;;;;;;;;;;;;
;;;;;;;;1;0.375;0.42;0.384;20;;;;;;;;;;;;;;;;;;;;;;;;;;;;;;;;;;;;;;;;;;;;;;;;;;;;;;;;;;;;;;;;;;;;
;;;;;;;;;0.373;0.417;0.388;20;;;;;;;;;;;;;;;;;;;;;;;;;;;;;;;;;;;;;;;;;;;;;;;;;;;;;;;;;;;;;;;;;;;;
;;;;;;;;;0.377;0.418;0.389;20;;;;;;;;;;;;;;;;;;;;;;;;;;;;;;;;;;;;;;;;;;;;;;;;;;;;;;;;;;;;;;;;;;;;
;;;;;;;;mean 1;0.375;0.418333333333333;0.387;20;;;;;;;;;;;;;;;;;;;;;;;;;;;;;;;;;;;;;;;;;;;;;;;;;;;;;;;;;;;;;;;;;;;;
;;;;;;;;dilution 1;7.5;8.36666666666667;7.74;;;;;;;;;;;;;;;;;;;;;;;;;;;;;;;;;;;;;;;;;;;;;;;;;;;;;;;;;;;;;;;;;;;;;
;;;;;;;;2;0.42;0.424;0.399;10;;;;;;;;;;;;;;;;;;;;;;;;;;;;;;;;;;;;;;;;;;;;;;;;;;;;;;;;;;;;;;;;;;;;
;;;;;;;;;0.419;0.432;0.396;10;;;;;;;;;;;;;;;;;;;;;;;;;;;;;;;;;;;;;;;;;;;;;;;;;;;;;;;;;;;;;;;;;;;;
;;;;;;;;;0.406;0.435;0.404;10;;;;;;;;;;;;;;;;;;;;;;;;;;;;;;;;;;;;;;;;;;;;;;;;;;;;;;;;;;;;;;;;;;;;
;;;;;;;;mean 2;0.415;0.430333333333333;0.399666666666667;10;;;;;;;;;;;;;;;;;;;;;;;;;;;;;;;;;;;;;;;;;;;;;;;;;;;;;;;;;;;;;;;;;;;;
;;;;;;;;dilution 2;4.15;4.30333333333333;3.99666666666667;;;;;;;;;;;;;;;;;;;;;;;;;;;;;;;;;;;;;;;;;;;;;;;;;;;;;;;;;;;;;;;;;;;;;
;;;;;;;;3;0.441;0.438;0.432;5;;;;;;;;;;;;;;;;;;;;;;;;;;;;;;;;;;;;;;;;;;;;;;;;;;;;;;;;;;;;;;;;;;;;
;;;;;;;;;0.44;0.435;0.428;5;;;;;;;;;;;;;;;;;;;;;;;;;;;;;;;;;;;;;;;;;;;;;;;;;;;;;;;;;;;;;;;;;;;;
;;;;;;;;;0.437;0.437;0.439;5;;;;;;;;;;;;;;;;;;;;;;;;;;;;;;;;;;;;;;;;;;;;;;;;;;;;;;;;;;;;;;;;;;;;
;;;;;;;;mean 3;0.439333333333333;0.436666666666667;0.433;5;;;;;;;;;;;;;;;;;;;;;;;;;;;;;;;;;;;;;;;;;;;;;;;;;;;;;;;;;;;;;;;;;;;;
;;;;;;;;dilution 3;2.19666666666667;2.18333333333333;2.165;;;;;;;;;;;;;;;;;;;;;;;;;;;;;;;;;;;;;;;;;;;;;;;;;;;;;;;;;;;;;;;;;;;;;
;;;;;;;;4;0.297;0.309;0.295;4;;;;;;;;;;;;;;;;;;;;;;;;;;;;;;;;;;;;;;;;;;;;;;;;;;;;;;;;;;;;;;;;;;;;
;;;;;;;;;0.296;0.312;0.296;4;;;;;;;;;;;;;;;;;;;;;;;;;;;;;;;;;;;;;;;;;;;;;;;;;;;;;;;;;;;;;;;;;;;;
;;;;;;;;;0.29;0.308;0.301;4;;;;;;;;;;;;;;;;;;;;;;;;;;;;;;;;;;;;;;;;;;;;;;;;;;;;;;;;;;;;;;;;;;;;
;;;;;;;;mean 4;0.294333333333333;0.309666666666667;0.297333333333333;4;;;;;;;;;;;;;;;;;;;;;;;;;;;;;;;;;;;;;;;;;;;;;;;;;;;;;;;;;;;;;;;;;;;;
;;;;;;;;dilution 4 ;1.17733333333333;1.23866666666667;1.18933333333333;;;;;;;;;;;;;;;;;;;;;;;;;;;;;;;;;;;;;;;;;;;;;;;;;;;;;;;;;;;;;;;;;;;;;
;;;;;;11/07/2025;20h36;0;0.567;0.643;0.574;20;;;;;;;;;;;;;;;;;;;;;;;;;;;;;;;;;;;;;;;;;;;;;;;;;;;;;;;;;;;;;;;;;;;;
;;;;;;;;;0.572;0.644;0.573;20;;;;;;;;;;;;;;;;;;;;;;;;;;;;;;;;;;;;;;;;;;;;;;;;;;;;;;;;;;;;;;;;;;;;
;;;;;;;;;0.569;0.641;0.569;20;;;;;;;;;;;;;;;;;;;;;;;;;;;;;;;;;;;;;;;;;;;;;;;;;;;;;;;;;;;;;;;;;;;;
;;;;;;;;mean 0;0.569333333333333;0.642666666666667;0.572;20;;;;;;;;;;;;;;;;;;;;;;;;;;;;;;;;;;;;;;;;;;;;;;;;;;;;;;;;;;;;;;;;;;;;
;;;;;;;;dilution 0;11.3866666666667;12.8533333333333;11.44;;;;;;;;;;;;;;;;;;;;;;;;;;;;;;;;;;;;;;;;;;;;;;;;;;;;;;;;;;;;;;;;;;;;;
;;;;;;;;1;0.396;0.409;0.374;20;;;;;;;;;;;;;;;;;;;;;;;;;;;;;;;;;;;;;;;;;;;;;;;;;;;;;;;;;;;;;;;;;;;;
;;;;;;;;;0.4;0.408;0.372;20;;;;;;;;;;;;;;;;;;;;;;;;;;;;;;;;;;;;;;;;;;;;;;;;;;;;;;;;;;;;;;;;;;;;
;;;;;;;;;0.398;0.414;0.369;20;;;;;;;;;;;;;;;;;;;;;;;;;;;;;;;;;;;;;;;;;;;;;;;;;;;;;;;;;;;;;;;;;;;;
;;;;;;;;mean 1;0.398;0.410333333333333;0.371666666666667;20;;;;;;;;;;;;;;;;;;;;;;;;;;;;;;;;;;;;;;;;;;;;;;;;;;;;;;;;;;;;;;;;;;;;
;;;;;;;;dilution 1;7.96;8.20666666666667;7.43333333333333;;;;;;;;;;;;;;;;;;;;;;;;;;;;;;;;;;;;;;;;;;;;;;;;;;;;;;;;;;;;;;;;;;;;;
;;;;;;;;2;0.418;0.41;0.39;10;;;;;;;;;;;;;;;;;;;;;;;;;;;;;;;;;;;;;;;;;;;;;;;;;;;;;;;;;;;;;;;;;;;;
;;;;;;;;;0.415;0.419;0.406;10;;;;;;;;;;;;;;;;;;;;;;;;;;;;;;;;;;;;;;;;;;;;;;;;;;;;;;;;;;;;;;;;;;;;
;;;;;;;;;0.418;0.418;0.402;10;;;;;;;;;;;;;;;;;;;;;;;;;;;;;;;;;;;;;;;;;;;;;;;;;;;;;;;;;;;;;;;;;;;;
;;;;;;;;mean 2;0.417;0.415666666666667;0.399333333333333;10;;;;;;;;;;;;;;;;;;;;;;;;;;;;;;;;;;;;;;;;;;;;;;;;;;;;;;;;;;;;;;;;;;;;
;;;;;;;;dilution 2;4.17;4.15666666666667;3.99333333333333;;;;;;;;;;;;;;;;;;;;;;;;;;;;;;;;;;;;;;;;;;;;;;;;;;;;;;;;;;;;;;;;;;;;;
;;;;;;;;3;0.441;0.428;0.426;5;;;;;;;;;;;;;;;;;;;;;;;;;;;;;;;;;;;;;;;;;;;;;;;;;;;;;;;;;;;;;;;;;;;;
;;;;;;;;;0.443;0.435;0.427;5;;;;;;;;;;;;;;;;;;;;;;;;;;;;;;;;;;;;;;;;;;;;;;;;;;;;;;;;;;;;;;;;;;;;
;;;;;;;;;0.447;0.435;0.416;5;;;;;;;;;;;;;;;;;;;;;;;;;;;;;;;;;;;;;;;;;;;;;;;;;;;;;;;;;;;;;;;;;;;;
;;;;;;;;mean 3;0.443666666666667;0.432666666666667;0.423;5;;;;;;;;;;;;;;;;;;;;;;;;;;;;;;;;;;;;;;;;;;;;;;;;;;;;;;;;;;;;;;;;;;;;
;;;;;;;;dilution 3;2.21833333333333;2.16333333333333;2.115;;;;;;;;;;;;;;;;;;;;;;;;;;;;;;;;;;;;;;;;;;;;;;;;;;;;;;;;;;;;;;;;;;;;;
;;;;;;;;4;0.276;0.279;0.287;4;;;;;;;;;;;;;;;;;;;;;;;;;;;;;;;;;;;;;;;;;;;;;;;;;;;;;;;;;;;;;;;;;;;;
;;;;;;;;;0.279;0.284;0.297;4;;;;;;;;;;;;;;;;;;;;;;;;;;;;;;;;;;;;;;;;;;;;;;;;;;;;;;;;;;;;;;;;;;;;
;;;;;;;;;0.279;0.284;0.292;4;;;;;;;;;;;;;;;;;;;;;;;;;;;;;;;;;;;;;;;;;;;;;;;;;;;;;;;;;;;;;;;;;;;;
;;;;;;;;mean 4;0.278;0.282333333333333;0.292;4;;;;;;;;;;;;;;;;;;;;;;;;;;;;;;;;;;;;;;;;;;;;;;;;;;;;;;;;;;;;;;;;;;;;
;;;;;;;;dilution 4 ;1.112;1.12933333333333;1.168;;;;;;;;;;;;;;;;;;;;;;;;;;;;;;;;;;;;;;;;;;;;;;;;;;;;;;;;;;;;;;;;;;;;;
;;;;;;12/07/2025;10h53;0;0.597;0.637;0.587;20;;;;;;;;;;;;;;;;;;;;;;;;;;;;;;;;;;;;;;;;;;;;;;;;;;;;;;;;;;;;;;;;;;;;
;;;;;;;;;0.605;0.638;0.586;20;;;;;;;;;;;;;;;;;;;;;;;;;;;;;;;;;;;;;;;;;;;;;;;;;;;;;;;;;;;;;;;;;;;;
;;;;;;;;;0.606;0.641;0.578;20;;;;;;;;;;;;;;;;;;;;;;;;;;;;;;;;;;;;;;;;;;;;;;;;;;;;;;;;;;;;;;;;;;;;
;;;;;;;;mean 0;0.602666666666667;0.638666666666667;0.583666666666667;20;;;;;;;;;;;;;;;;;;;;;;;;;;;;;;;;;;;;;;;;;;;;;;;;;;;;;;;;;;;;;;;;;;;;
;;;;;;;;dilution 0;12.0533333333333;12.7733333333333;11.6733333333333;;;;;;;;;;;;;;;;;;;;;;;;;;;;;;;;;;;;;;;;;;;;;;;;;;;;;;;;;;;;;;;;;;;;;
;;;;;;;;1;0.4;0.423;0.388;20;;;;;;;;;;;;;;;;;;;;;;;;;;;;;;;;;;;;;;;;;;;;;;;;;;;;;;;;;;;;;;;;;;;;
;;;;;;;;;0.404;0.42;0.385;20;;;;;;;;;;;;;;;;;;;;;;;;;;;;;;;;;;;;;;;;;;;;;;;;;;;;;;;;;;;;;;;;;;;;
;;;;;;;;;0.397;0.422;0.384;20;;;;;;;;;;;;;;;;;;;;;;;;;;;;;;;;;;;;;;;;;;;;;;;;;;;;;;;;;;;;;;;;;;;;
;;;;;;;;mean 1 ;0.400333333333333;0.421666666666667;0.385666666666667;20;;;;;;;;;;;;;;;;;;;;;;;;;;;;;;;;;;;;;;;;;;;;;;;;;;;;;;;;;;;;;;;;;;;;
;;;;;;;;dilution 1;8.00666666666667;8.43333333333333;7.71333333333333;;;;;;;;;;;;;;;;;;;;;;;;;;;;;;;;;;;;;;;;;;;;;;;;;;;;;;;;;;;;;;;;;;;;;
;;;;;;;;2;0.428;0.437;0.431;10;;;;;;;;;;;;;;;;;;;;;;;;;;;;;;;;;;;;;;;;;;;;;;;;;;;;;;;;;;;;;;;;;;;;
;;;;;;;;;0.423;0.436;0.431;10;;;;;;;;;;;;;;;;;;;;;;;;;;;;;;;;;;;;;;;;;;;;;;;;;;;;;;;;;;;;;;;;;;;;
;;;;;;;;;0.43;0.435;0.431;10;;;;;;;;;;;;;;;;;;;;;;;;;;;;;;;;;;;;;;;;;;;;;;;;;;;;;;;;;;;;;;;;;;;;
;;;;;;;;mean 2 ;0.427;0.436;0.431;10;;;;;;;;;;;;;;;;;;;;;;;;;;;;;;;;;;;;;;;;;;;;;;;;;;;;;;;;;;;;;;;;;;;;
;;;;;;;;dilution 2;4.27;4.36;4.31;;;;;;;;;;;;;;;;;;;;;;;;;;;;;;;;;;;;;;;;;;;;;;;;;;;;;;;;;;;;;;;;;;;;;
;;;;;;;;3;0.478;0.466;0.463;5;;;;;;;;;;;;;;;;;;;;;;;;;;;;;;;;;;;;;;;;;;;;;;;;;;;;;;;;;;;;;;;;;;;;
;;;;;;;;;0.48;0.472;0.463;5;;;;;;;;;;;;;;;;;;;;;;;;;;;;;;;;;;;;;;;;;;;;;;;;;;;;;;;;;;;;;;;;;;;;
;;;;;;;;;0.478;0.469;0.469;5;;;;;;;;;;;;;;;;;;;;;;;;;;;;;;;;;;;;;;;;;;;;;;;;;;;;;;;;;;;;;;;;;;;;
;;;;;;;;mean 3;0.478666666666667;0.469;0.465;5;;;;;;;;;;;;;;;;;;;;;;;;;;;;;;;;;;;;;;;;;;;;;;;;;;;;;;;;;;;;;;;;;;;;
;;;;;;;;dilution 3;2.39333333333333;2.345;2.325;;;;;;;;;;;;;;;;;;;;;;;;;;;;;;;;;;;;;;;;;;;;;;;;;;;;;;;;;;;;;;;;;;;;;
;;;;;;;;4;0.328;0.311;0.315;4;;;;;;;;;;;;;;;;;;;;;;;;;;;;;;;;;;;;;;;;;;;;;;;;;;;;;;;;;;;;;;;;;;;;
;;;;;;;;;0.324;0.314;0.319;4;;;;;;;;;;;;;;;;;;;;;;;;;;;;;;;;;;;;;;;;;;;;;;;;;;;;;;;;;;;;;;;;;;;;
;;;;;;;;;0.326;0.31;0.318;4;;;;;;;;;;;;;;;;;;;;;;;;;;;;;;;;;;;;;;;;;;;;;;;;;;;;;;;;;;;;;;;;;;;;
;;;;;;;;mean 4;0.326;0.311666666666667;0.317333333333333;4;;;;;;;;;;;;;;;;;;;;;;;;;;;;;;;;;;;;;;;;;;;;;;;;;;;;;;;;;;;;;;;;;;;;
;;;;;;;;dilution 4;1.304;1.24666666666667;1.26933333333333;;;;;;;;;;;;;;;;;;;;;;;;;;;;;;;;;;;;;;;;;;;;;;;;;;;;;;;;;;;;;;;;;;;;;
;;;;;;12/07/2025;19h42;0;0.615;0.644;0.571;20;;;;;;;;;;;;;;;;;;;;;;;;;;;;;;;;;;;;;;;;;;;;;;;;;;;;;;;;;;;;;;;;;;;;
;;;;;;;;;0.623;0.637;0.573;20;;;;;;;;;;;;;;;;;;;;;;;;;;;;;;;;;;;;;;;;;;;;;;;;;;;;;;;;;;;;;;;;;;;;
;;;;;;;;;0.614;0.642;0.574;20;;;;;;;;;;;;;;;;;;;;;;;;;;;;;;;;;;;;;;;;;;;;;;;;;;;;;;;;;;;;;;;;;;;;
;;;;;;;;mean 0;0.617333333333333;0.641;0.572666666666667;20;;;;;;;;;;;;;;;;;;;;;;;;;;;;;;;;;;;;;;;;;;;;;;;;;;;;;;;;;;;;;;;;;;;;
;;;;;;;;dilution 0;12.3466666666667;12.82;11.4533333333333;;;;;;;;;;;;;;;;;;;;;;;;;;;;;;;;;;;;;;;;;;;;;;;;;;;;;;;;;;;;;;;;;;;;;
;;;;;;;;1;0.403;0.421;0.394;20;;;;;;;;;;;;;;;;;;;;;;;;;;;;;;;;;;;;;;;;;;;;;;;;;;;;;;;;;;;;;;;;;;;;
;;;;;;;;;0.409;0.427;0.392;20;;;;;;;;;;;;;;;;;;;;;;;;;;;;;;;;;;;;;;;;;;;;;;;;;;;;;;;;;;;;;;;;;;;;
;;;;;;;;;0.401;0.416;0.392;20;;;;;;;;;;;;;;;;;;;;;;;;;;;;;;;;;;;;;;;;;;;;;;;;;;;;;;;;;;;;;;;;;;;;
;;;;;;;;mean 1 ;0.404333333333333;0.421333333333333;0.392666666666667;20;;;;;;;;;;;;;;;;;;;;;;;;;;;;;;;;;;;;;;;;;;;;;;;;;;;;;;;;;;;;;;;;;;;;
;;;;;;;;dilution 1;8.08666666666667;8.42666666666667;7.85333333333333;;;;;;;;;;;;;;;;;;;;;;;;;;;;;;;;;;;;;;;;;;;;;;;;;;;;;;;;;;;;;;;;;;;;;
;;;;;;;;2;0.429;0.436;0.425;10;;;;;;;;;;;;;;;;;;;;;;;;;;;;;;;;;;;;;;;;;;;;;;;;;;;;;;;;;;;;;;;;;;;;
;;;;;;;;;0.423;0.442;0.428;10;;;;;;;;;;;;;;;;;;;;;;;;;;;;;;;;;;;;;;;;;;;;;;;;;;;;;;;;;;;;;;;;;;;;
;;;;;;;;;0.425;0.437;0.422;10;;;;;;;;;;;;;;;;;;;;;;;;;;;;;;;;;;;;;;;;;;;;;;;;;;;;;;;;;;;;;;;;;;;;
;;;;;;;;mean 2 ;0.425666666666667;0.438333333333333;0.425;10;;;;;;;;;;;;;;;;;;;;;;;;;;;;;;;;;;;;;;;;;;;;;;;;;;;;;;;;;;;;;;;;;;;;
;;;;;;;;dilution 2;4.25666666666667;4.38333333333333;4.25;;;;;;;;;;;;;;;;;;;;;;;;;;;;;;;;;;;;;;;;;;;;;;;;;;;;;;;;;;;;;;;;;;;;;
;;;;;;;;3;0.456;0.463;0.472;5;;;;;;;;;;;;;;;;;;;;;;;;;;;;;;;;;;;;;;;;;;;;;;;;;;;;;;;;;;;;;;;;;;;;
;;;;;;;;;0.463;0.465;0.46;5;;;;;;;;;;;;;;;;;;;;;;;;;;;;;;;;;;;;;;;;;;;;;;;;;;;;;;;;;;;;;;;;;;;;
;;;;;;;;;0.47;0.467;0.46;5;;;;;;;;;;;;;;;;;;;;;;;;;;;;;;;;;;;;;;;;;;;;;;;;;;;;;;;;;;;;;;;;;;;;
;;;;;;;;mean 3;0.463;0.465;0.464;5;;;;;;;;;;;;;;;;;;;;;;;;;;;;;;;;;;;;;;;;;;;;;;;;;;;;;;;;;;;;;;;;;;;;
;;;;;;;;dilution 3;2.315;2.325;2.32;;;;;;;;;;;;;;;;;;;;;;;;;;;;;;;;;;;;;;;;;;;;;;;;;;;;;;;;;;;;;;;;;;;;;
;;;;;;;;4;0.313;0.303;0.309;4;;;;;;;;;;;;;;;;;;;;;;;;;;;;;;;;;;;;;;;;;;;;;;;;;;;;;;;;;;;;;;;;;;;;
;;;;;;;;;0.312;0.305;0.313;4;;;;;;;;;;;;;;;;;;;;;;;;;;;;;;;;;;;;;;;;;;;;;;;;;;;;;;;;;;;;;;;;;;;;
;;;;;;;;;0.312;0.312;0.316;4;;;;;;;;;;;;;;;;;;;;;;;;;;;;;;;;;;;;;;;;;;;;;;;;;;;;;;;;;;;;;;;;;;;;
;;;;;;;;mean 4;0.312333333333333;0.306666666666667;0.312666666666667;4;;;;;;;;;;;;;;;;;;;;;;;;;;;;;;;;;;;;;;;;;;;;;;;;;;;;;;;;;;;;;;;;;;;;
;;;;;;;;dilution 4;1.24933333333333;1.22666666666667;1.25066666666667;;;;;;;;;;;;;;;;;;;;;;;;;;;;;;;;;;;;;;;;;;;;;;;;;;;;;;;;;;;;;;;;;;;;;
;;;;;;13/07/2025;11h35;0;0.655;0.633;0.616;20;;;;;;;;;;;;;;;;;;;;;;;;;;;;;;;;;;;;;;;;;;;;;;;;;;;;;;;;;;;;;;;;;;;;
;;;;;;;;;0.649;0.638;0.619;20;;;;;;;;;;;;;;;;;;;;;;;;;;;;;;;;;;;;;;;;;;;;;;;;;;;;;;;;;;;;;;;;;;;;
;;;;;;;;;0.654;0.637;0.625;20;;;;;;;;;;;;;;;;;;;;;;;;;;;;;;;;;;;;;;;;;;;;;;;;;;;;;;;;;;;;;;;;;;;;
;;;;;;;;mean 0;0.652666666666667;0.636;0.62;20;;;;;;;;;;;;;;;;;;;;;;;;;;;;;;;;;;;;;;;;;;;;;;;;;;;;;;;;;;;;;;;;;;;;
;;;;;;;;dilution 0;13.0533333333333;12.72;12.4;;;;;;;;;;;;;;;;;;;;;;;;;;;;;;;;;;;;;;;;;;;;;;;;;;;;;;;;;;;;;;;;;;;;;
;;;;;;;;1;0.404;0.42;0.389;20;;;;;;;;;;;;;;;;;;;;;;;;;;;;;;;;;;;;;;;;;;;;;;;;;;;;;;;;;;;;;;;;;;;;
;;;;;;;;;0.403;0.419;0.394;20;;;;;;;;;;;;;;;;;;;;;;;;;;;;;;;;;;;;;;;;;;;;;;;;;;;;;;;;;;;;;;;;;;;;
;;;;;;;;;0.398;0.42;0.389;20;;;;;;;;;;;;;;;;;;;;;;;;;;;;;;;;;;;;;;;;;;;;;;;;;;;;;;;;;;;;;;;;;;;;
;;;;;;;;mean 1 ;0.401666666666667;0.419666666666667;0.390666666666667;20;;;;;;;;;;;;;;;;;;;;;;;;;;;;;;;;;;;;;;;;;;;;;;;;;;;;;;;;;;;;;;;;;;;;
;;;;;;;;dilution 1;8.03333333333333;8.39333333333333;7.81333333333333;;;;;;;;;;;;;;;;;;;;;;;;;;;;;;;;;;;;;;;;;;;;;;;;;;;;;;;;;;;;;;;;;;;;;
;;;;;;;;2;0.435;0.433;0.432;10;;;;;;;;;;;;;;;;;;;;;;;;;;;;;;;;;;;;;;;;;;;;;;;;;;;;;;;;;;;;;;;;;;;;
;;;;;;;;;0.441;0.437;0.425;10;;;;;;;;;;;;;;;;;;;;;;;;;;;;;;;;;;;;;;;;;;;;;;;;;;;;;;;;;;;;;;;;;;;;
;;;;;;;;;0.432;0.443;0.435;10;;;;;;;;;;;;;;;;;;;;;;;;;;;;;;;;;;;;;;;;;;;;;;;;;;;;;;;;;;;;;;;;;;;;
;;;;;;;;mean 2 ;0.436;0.437666666666667;0.430666666666667;10;;;;;;;;;;;;;;;;;;;;;;;;;;;;;;;;;;;;;;;;;;;;;;;;;;;;;;;;;;;;;;;;;;;;
;;;;;;;;dilution 2;4.36;4.37666666666667;4.30666666666667;;;;;;;;;;;;;;;;;;;;;;;;;;;;;;;;;;;;;;;;;;;;;;;;;;;;;;;;;;;;;;;;;;;;;
;;;;;;;;3;0.474;0.462;0.463;5;;;;;;;;;;;;;;;;;;;;;;;;;;;;;;;;;;;;;;;;;;;;;;;;;;;;;;;;;;;;;;;;;;;;
;;;;;;;;;0.467;0.46;0.466;5;;;;;;;;;;;;;;;;;;;;;;;;;;;;;;;;;;;;;;;;;;;;;;;;;;;;;;;;;;;;;;;;;;;;
;;;;;;;;;0.468;0.472;0.472;5;;;;;;;;;;;;;;;;;;;;;;;;;;;;;;;;;;;;;;;;;;;;;;;;;;;;;;;;;;;;;;;;;;;;
;;;;;;;;mean 3;0.469666666666667;0.464666666666667;0.467;5;;;;;;;;;;;;;;;;;;;;;;;;;;;;;;;;;;;;;;;;;;;;;;;;;;;;;;;;;;;;;;;;;;;;
;;;;;;;;dilution 3;2.34833333333333;2.32333333333333;2.335;;;;;;;;;;;;;;;;;;;;;;;;;;;;;;;;;;;;;;;;;;;;;;;;;;;;;;;;;;;;;;;;;;;;;
;;;;;;;;4;0.321;0.318;0.316;4;;;;;;;;;;;;;;;;;;;;;;;;;;;;;;;;;;;;;;;;;;;;;;;;;;;;;;;;;;;;;;;;;;;;
;;;;;;;;;0.32;0.319;0.315;4;;;;;;;;;;;;;;;;;;;;;;;;;;;;;;;;;;;;;;;;;;;;;;;;;;;;;;;;;;;;;;;;;;;;
;;;;;;;;;0.319;0.322;0.313;4;;;;;;;;;;;;;;;;;;;;;;;;;;;;;;;;;;;;;;;;;;;;;;;;;;;;;;;;;;;;;;;;;;;;
;;;;;;;;mean 4;0.32;0.319666666666667;0.314666666666667;4;;;;;;;;;;;;;;;;;;;;;;;;;;;;;;;;;;;;;;;;;;;;;;;;;;;;;;;;;;;;;;;;;;;;
;;;;;;;;dilution 4;1.28;1.27866666666667;1.25866666666667;;;;;;;;;;;;;;;;;;;;;;;;;;;;;;;;;;;;;;;;;;;;;;;;;;;;;;;;;;;;;;;;;;;;;