Time;0A_avg;0A_std;0B_avg;0B_std;0C_avg;0C_std;1A_avg;1A_std;1B_avg;1B_std;1C_avg;1C_std;2A_avg;2A_std;2B_avg;2B_std;2C_avg;2C_std;3A_avg;3A_std;3B_avg;3B_std;3C_avg;3C_std;4A_avg;4A_std;4B_avg;4B_std;4C_avg;4C_std
13.353055555555555;0.009600000000000001;0.0037202150475476553;0.0076;0.0004898979485566356;0.0076;0.0013564659966250532;0.0054;0.0013564659966250536;0.0032;0.0011661903789690602;0.0028;0.0007483314773547883;0.004600000000000001;0.001624807680927192;0.004600000000000001;0.0004898979485566357;0.0034000000000000002;0.0013564659966250536;0.0036;0.0020591260281974002;0.0038;0.004833218389437829;0.0048000000000000004;0.002135415650406262;0.0028000000000000004;0.00132664991614216;0.008799999999999999;0.0043081318457076035;0.004200000000000001;0.0007483314773547883
15.910555555555556;0.0124;0.0012000000000000003;0.009000000000000001;0.0020976176963403027;0.013800000000000002;0.0048332183894378294;0.006;0.002366431913239846;0.0062;0.001720465053408525;0.0036;0.0008;0.0054;0.0014966629547095765;0.008799999999999999;0.005268775948927796;0.0068000000000000005;0.0017204650534085252;0.0068000000000000005;0.0011661903789690602;0.0042;0.0019390719429665318;0.006;0.0012649110640673518;0.0032;0.0016;0.0058000000000000005;0.0011661903789690602;0.0046;0.001624807680927192
17.92861111111111;0.011800000000000001;0.0029257477676655594;0.013799999999999998;0.004445222154178573;0.0152;0.003655133376499413;0.009;0.005366563145999495;0.0084;0.002497999199359359;0.0068000000000000005;0.002925747767665559;0.0064;0.0014966629547095765;0.009;0.0037416573867739412;0.0104;0.0063749509802036915;0.008;0.0035213633723318017;0.005;0.0022803508501982755;0.0062;0.002481934729198171;0.0036000000000000003;0.0018547236990991407;0.0066;0.0018547236990991407;0.005;0.0006324555320336759
22.68722222222222;0.0242;0.0024000000000000007;0.0216;0.0040298883359219774;0.03319999999999999;0.01296765206195786;0.0184;0.011672189169131899;0.022600000000000002;0.02076150283577757;0.0164;0.006858571279792899;0.013000000000000001;0.005099019513592784;0.013000000000000001;0.0018973665961010276;0.014600000000000002;0.005043808085167397;0.007200000000000001;0.0024819347291981713;0.0064;0.0034409301068170505;0.008400000000000001;0.0018547236990991405;0.004200000000000001;0.00132664991614216;0.012;0.0010954451150103327;0.005;0.0010954451150103322
37.452222222222225;0.19999999999999998;0.023874672772626636;0.22599999999999998;0.05323532661682467;0.4;0.05966573556070519;0.17839999999999998;0.02486443242867208;0.16560000000000002;0.015512575543732258;0.1768;0.016277591959500647;0.1152;0.004664761515876239;0.1256;0.013047605144240072;0.1172;0.011214276615100953;0.0378;0.009765244492586962;0.0258;0.004791659420284377;0.0314;0.0024166091947189134;0.011600000000000001;0.0017435595774162693;0.047;0.005656854249492381;0.0112;0.001469693845669907
40.069722222222225;0.347;0.04654030511288036;0.32199999999999995;0.041665333311999335;0.42200000000000004;0.07934733769950952;0.2352;0.006881860213634096;0.22400000000000003;0.043229619475540146;0.2872;0.055793906477320625;0.1528;0.0275274408545364;0.15760000000000002;0.023405982141324465;0.18839999999999998;0.02989046670763105;0.046799999999999994;0.006910861017268397;0.028600000000000004;0.005161395160225576;0.0382;0.0033105890714493686;0.013999999999999999;0.002190890230020665;0.055600000000000004;0.008114185110040315;0.014799999999999999;0.0023151673805580446
42.8875;0.24900000000000003;0.021771541057077258;0.253;0.027495454169735044;0.383;0.08140024569987489;0.2992;0.02122639865827456;0.3184;0.035741292645901895;0.3424;0.04068218283229157;0.1248;0.012237646832622682;0.14079999999999998;0.01966112916391121;0.15200000000000002;0.020199009876724155;0.0672;0.015078461459976614;0.044599999999999994;0.0058172158288995945;0.0538;0.005844655678480985;0.016800000000000002;0.00132664991614216;0.0744;0.017499714283381887;0.0158;0.0019390719429665318
46.65694444444444;0.696;0.46379305730034387;0.836;0.390773591738234;0.952;0.6057854405645616;0.556;0.09243376006633074;0.606;0.07709734106958552;0.6340000000000001;0.15383107618423525;0.31999999999999995;0.027928480087537885;0.35200000000000004;0.03641428291206626;0.41900000000000004;0.0760526133673262;0.1264;0.013529227620230207;0.08319999999999998;0.011702991070662234;0.1096;0.004079215610874232;0.0206;0.0027276363393971713;0.0914;0.011412274094149686;0.020200000000000003;0.004621688003316538
61.48444444444444;1.8399999999999999;0.2403331021727969;1.996;0.523281950768417;2.336;0.1860752535938081;1.24;0.5015176965970394;1.188;0.36912870384189844;1.208;0.2807418743258653;0.576;0.22595132219130742;0.601;0.15777832550765647;0.612;0.1815929514050587;0.34199999999999997;0.20240059288450715;0.266;0.1428775699681374;0.29000000000000004;0.1705579080547132;0.0696;0.0157175061635108;0.176;0.10213716267842964;0.0816;0.016511813952440235
64.10388888888889;1.9159999999999997;0.0803990049689672;2.04;0.19183326093250877;2.3440000000000003;0.11482160075525852;1.264;0.0708801805866774;1.168;0.08541662601625047;1.308;0.03919183588453088;0.644;0.04409081537009721;0.642;0.0682348884369279;0.66;0.03286335345030996;0.33199999999999996;0.03310589071449369;0.30200000000000005;0.06087692502089771;0.33199999999999996;0.05268775948927793;0.0976;0.012547509713086496;0.16640000000000002;0.013529227620230212;0.11120000000000001;0.012749901960407383
69.30333333333333;2.464;0.055713553108736526;2.62;0.15594870951694342;2.728;0.08059776671843945;1.568;0.08158431221748463;1.5879999999999999;0.06764613810115112;1.516;0.04630334761116094;0.718;0.034871191548325374;0.808;0.04995998398718718;0.7100000000000002;0.06985699678629194;0.38400000000000006;0.04042276586281545;0.332;0.0450111097397076;0.366;0.028000000000000004;0.1408;0.014176036117335481;0.2048;0.0244491308638978;0.1496;0.014444376068214224
85.04055555555556;3.3559999999999994;0.16414627622946526;3.5;0.17435595774162677;3.472;0.10925200226998118;2.024;0.08522910301065015;2.052;0.13541048703848615;1.884;0.14164744967700632;0.9780000000000001;0.0646219776856141;0.992;0.04308131845707607;0.844;0.0863944442658207;0.44699999999999995;0.03370459909270542;0.43100000000000005;0.054074023338383105;0.442;0.05446099521676041;0.2064;0.007838367176906169;0.2488;0.026217551373078296;0.22080000000000002;0.009260669522232179
92.37222222222222;4.26;0.317490157327751;3.844;0.21143320458244014;3.724;0.4701318963865355;2.056;0.051224993899462834;2.128;0.10851727973000438;2.052;0.06144916598294892;0.982;0.01720465053408527;1.04;0.05692099788303088;0.9;0.04604345773288531;0.501;0.01685229954635273;0.40700000000000003;0.03867815921162743;0.43999999999999995;0.02469817807045692;0.21680000000000002;0.029219171788399487;0.2464;0.006974238309665084;0.2304;0.012547509713086496
97.64194444444445;3.724;0.39138727623672176;3.6759999999999997;0.27695486996982016;3.496;0.1493452376207556;2.1960000000000006;0.11271202242884305;2.2;0.06811754546370566;2.016;0.055713553108736526;1.068;0.043081318457076065;1.096;0.05535341001239224;1.016;0.03720215047547658;0.542;0.012083045973594584;0.48;0.016733200530681527;0.493;0.012083045973594582;0.24159999999999998;0.014880860190190621;0.2552;0.009927738916792694;0.26080000000000003;0.006881860213634107
111.89777777777778;4.136000000000001;0.22957351763650796;4.124;0.42958584706668335;3.9879999999999995;0.11702991070662215;2.3760000000000003;0.15818975946628147;2.336;0.25342454498331457;2.2640000000000002;0.24409834083827772;1.116;0.0803990049689671;1.162;0.06399999999999995;1.072;0.03867815921162746;0.569;0.015297058540778338;0.5199999999999999;0.018708286933869722;0.536;0.013928388277184131;0.2592;0.0016000000000000014;0.276;0.0035777087639996667;0.26880000000000004;0.009260669522232189
120.72722222222222;4.588000000000001;0.31076679359288045;4.184;0.3768076432345821;3.776;0.26814921219350996;2.1719999999999997;0.10851727973000438;2.3440000000000003;0.08522910301064994;2.112;0.10322790320451161;1.092;0.04118252056394804;1.174;0.04317406628984575;1.066;0.05642694391866359;0.5700000000000001;0.019235384061671322;0.5509999999999999;0.026343879744639004;0.56;0.025495097567963903;0.28240000000000004;0.014880860190190609;0.276;0.018242806801586204;0.28400000000000003;0.011027239001672165
136.7725;4.587999999999999;0.38212039987417573;4.159999999999999;0.1436662799685438;3.9159999999999995;0.31097266760922915;2.428;0.1755448660599335;2.2359999999999998;0.15041276541570528;2.3280000000000003;0.21599999999999997;1.1620000000000001;0.08231646250902669;1.15;0.048989794855663536;1.0560000000000003;0.1187602627144282;0.5780000000000001;0.022271057451320072;0.548;0.009273618495495713;0.575;0.01897366596101025;0.29200000000000004;0.029065443399335925;0.296;0.028509647489928746;0.3056;0.010613199329137289
;;;;;;;;;;;;;;;;;;;;;;;;;;;;;;
