Start;07/07/2025;8h50;End;?;?.1;Day;Hour;Unnamed: 8;A;B;C;Dilution;Day.1;Time (h);Time (s);OD 0A;Std 0A;OD 0B;Std 0B;OD 0C;Std 0C;OD 1A;Std 1A;OD 1B;Std 1B;OD 1C;Std 1C;OD 2A;Std 2A;OD 2B;Std 2B;OD 2C;Std 2C;OD 3A;Std 3A;OD 3B;Std 3B;OD 3C;Std 3C;OD 4A;Std 4A;OD 4B;Std 4B;OD 4C;Std 4C;mean 0;std 0;mean 1;std 1;mean 2;std 2;mean 3;std 3;mean 4;std 4;dilution 0;dilution 1;dilution 2;dilution 3;dilution 4;OD 0A NC;OD 0B NC;OD 0C NC;OD 1A NC;OD 1B NC;OD 1C NC;OD 2A NC;OD 2B NC;OD 2C NC;OD 3A NC;OD 3B NC;OD 3C NC;OD 4A NC;OD 4B NC;OD 4C NC;mean 0 NC;mean 1 NC;mean 2 NC;mean 3 NC;mean 4 NC
;;;;;;;;0.0;0.017453721193804304;0.01371514694800301;0.016383540958852395;0.8333333333333331;;;0.0;;;;;;;;;;;;;;;;;;;;;;;;;;;;;;;;;;;;;;;;;;;;;;;;;;;;;;;;;;;;;;;;;
;;;;;;;;;0.017453721193804304;0.01478129713423831;0.017453721193804304;0.8333333333333331;;;-1.4000819619846683;0.01709681480548909;0.0006034617803632674;0.014959145191703313;0.0013158834467086394;0.01620533467539005;0.0013158834467086394;0.01995710861612213;0.0007984160167625445;0.015137037968317845;0.00030166587452959133;0.01318267419962335;0.0005225830533780738;0.01211893112532932;0.0010455563853622105;0.01371514694800301;0.0013834746886050378;0.01211893112532932;0.0005225830533781261;0.01620533467539005;0.0006034617803632674;0.013005272407732882;0.0006034617803632674;0.011587659894657635;0.0010455563853622105;0.022469354227221006;0.0010882827763081288;0.018346774193548406;0.00030166587452959133;0.011941796287004532;0.00030166587452959133;0.01608655539713157;0.0010503893941911664;0.01608655539713157;0.003413112180533393;0.012650602409638553;0.0009053878015929969;0.013596784996651047;0.0023226677736363274;0.0175727299441669;0.0051974377697169526;0.8333333333333331;0.8333333333333331;0.8333333333333331;0.8333333333333331;0.8333333333333331;0.01709681480548909;0.014959145191703313;0.01620533467539005;0.01995710861612213;0.015137037968317845;0.01318267419962335;0.01211893112532932;0.01371514694800301;0.01211893112532932;0.01620533467539005;0.013005272407732882;0.011587659894657635;0.022469354227221006;0.018346774193548406;0.011941796287004532;0.01608655539713157;0.01608655539713157;0.012650602409638553;0.013596784996651047;0.0175727299441669
;;;;;;;;;0.016383540958852395;0.016383540958852395;0.01478129713423831;0.8333333333333331;;;-1.4000676068682236;0.014603493779062476;0.00030166587452959133;0.01371514694800301;0.0;0.02282897231702692;0.0013834746886050378;0.014603493779062476;0.00030166587452959133;0.012827915149993705;0.0006034617803632674;0.014959145191703313;0.0006034617803632674;0.011587659894657635;0.001811947399666608;0.012473334169908411;0.0010882827763081288;0.01211893112532932;0.0005225830533781261;0.009996242014280345;0.0005225830533781261;0.008056042031523623;0.0006034617803632674;0.008937288772061585;0.0010455563853622105;0.007351837959489871;0.0005225830533781261;0.01353761145297;0.0006034617803632674;0.010526315789473682;0.001886034320559523;0.017037347880822482;0.004912452485342595;0.014129569914988075;0.0011203910219835323;0.012059881241113997;0.0004383531385986269;0.008996077776850532;0.0009596871033115756;0.010467399022597223;0.0030543272518939956;0.8333333333333331;0.8333333333333331;0.8333333333333331;0.8333333333333331;0.8333333333333331;0.014603493779062476;0.01371514694800301;0.02282897231702692;0.014603493779062476;0.012827915149993705;0.014959145191703313;0.011587659894657635;0.012473334169908411;0.01211893112532932;0.009996242014280345;0.008056042031523623;0.008937288772061585;0.007351837959489871;0.01353761145297;0.010526315789473682;0.017037347880822482;0.014129569914988075;0.012059881241113997;0.008996077776850532;0.010467399022597223
;;;;;;;;;0.01709681480548909;0.014959145191703313;0.01620533467539005;0.8333333333333331;;;-1.400060015368541;0.026977687626774865;0.0007984160167625445;0.03516511538951933;0.001980527093522562;0.04381734222678294;0.00030166587452959133;0.028063943161634117;0.0007984160167625445;0.03498215196328402;0.0012074440223833274;0.029878048780487804;0.0010455563853622105;0.02157110381409448;0.0007984160167625445;0.022649140546006082;0.0013158834467086394;0.028245146555005703;0.0015689204333208815;0.018525519848771266;0.0013834746886050378;0.019778002018163453;0.0010882827763081288;0.01709681480548909;0.00030166587452959133;0.01798941798941799;0.0009053878015929969;0.02535139926554389;0.0006034617803632674;0.016383540958852395;0.0005225830533781261;0.035287116929485274;0.008056680191861195;0.030968726163234168;0.0034383743738287853;0.024149129096200043;0.0034663923182265;0.0184659329580778;0.0013081583771064683;0.01989740139601381;0.004656344819965394;0.8333333333333331;0.8333333333333331;0.8333333333333331;0.8333333333333331;0.8333333333333331;0.026977687626774865;0.03516511538951933;0.04381734222678294;0.028063943161634117;0.03498215196328402;0.029878048780487804;0.02157110381409448;0.022649140546006082;0.028245146555005703;0.018525519848771266;0.019778002018163453;0.01709681480548909;0.01798941798941799;0.02535139926554389;0.016383540958852395;0.035287116929485274;0.030968726163234168;0.024149129096200043;0.0184659329580778;0.01989740139601381
;;;;;;;;;0.01709681480548909;0.014959145191703313;0.01620533467539005;;;;-1.400047019122948;0.07194978422910944;0.0009053878015929969;0.08613678373382604;0.0006034617803632674;0.0980037263774286;0.0021782588108635458;0.06219797349961028;0.0015689204333208815;0.05708737864077669;0.0015689204333208815;0.06868475991649249;0.001509630526971253;0.04400256574727391;0.0007984160167625445;0.05671023683188798;0.0010882827763081288;0.05032856590645534;0.002397983176253183;0.03169676926990586;0.0007984160167625445;0.023908918406072104;0.0005225830533781261;0.029514859029718038;0.0024730705792320143;0.020853319868719997;0.001836973752911367;0.038098888463012646;0.0005225830533780738;0.018704310562137616;0.0010882827763081288;0.08528700241917753;0.011694910034526683;0.06264131329319542;0.005342901615864442;0.05032856590645534;0.005945540844366707;0.02836597436656654;0.0038743764738947083;0.02583287590254615;0.010282475967684186;0.8333333333333331;0.8333333333333331;0.8333333333333331;0.8333333333333331;0.8333333333333331;0.07194978422910944;0.08613678373382604;0.0980037263774286;0.06219797349961028;0.05708737864077669;0.06868475991649249;0.04400256574727391;0.05671023683188798;0.05032856590645534;0.03169676926990586;0.023908918406072104;0.029514859029718038;0.020853319868719997;0.038098888463012646;0.018704310562137616;0.08528700241917753;0.06264131329319542;0.05032856590645534;0.02836597436656654;0.02583287590254615
;;;;;;;;0.8333333333333331;0.020136260408781224;0.015314975480950583;0.012650602409638553;0.8333333333333331;;;-1.4000285025553543;1.2025433526011498;0.0007984160167625445;1.5274382314694332;0.0010882827763081288;21.11199999999954;0.0006034617803632674;0.9275434243176178;0.002397983176253183;0.8386634844868734;0.002092675635276532;0.9410981697171329;0.0010882827763081288;0.42372002592352587;0.0013158834467086394;0.48038757099899787;0.0016812592714729358;0.4592666005946481;0.001886034320559523;0.11759471484427685;0.001597743221938763;0.06983546617915885;0.0010882827763081288;0.09442379182156112;0.0015977432219387102;0.036630504148053585;0.001597743221938763;0.14955947136563896;0.0021782588108635458;0.03060498220640567;0.00030166587452959133;2.4948096885813276;0.48975382984765226;0.9015267175572548;0.021168213228927302;0.45416209092905735;0.016582009814528547;0.09369664263281277;0.02130935748899336;0.07028345016763175;0.06174117764868837;-3.017241379310345;-4.242424242424243;4.117647058823528;0.8333333333333331;0.8333333333333331;0.1425517335891464;0.16311623385640903;0.3232088181261484;0.1549108992954828;0.1446685878962536;0.15641592920353958;0.1840135097101039;0.20501924996435167;0.1972754363558961;0.11759471484427685;0.06983546617915885;0.09442379182156112;0.036630504148053585;0.14955947136563896;0.03060498220640567;0.20570613409415092;0.15198088059564266;0.19538883114428787;0.09369664263281277;0.07028345016763175
;;;;;;;;;0.01906202723146747;0.01478129713423831;0.01371514694800301;0.8333333333333331;;;-1.4000265426650702;6.937777777777775;0.0009053878015929969;5.701577287066288;0.004727063555313759;-16.714285714285737;0.002092675635276532;1.723196448390685;0.0010882827763081288;1.4685015290519878;0.0009053878015929969;2.3570093457943795;0.001980527093522562;0.6683572216097022;0.001509630526971253;0.7189759036144574;0.0028830138688328132;0.961728913134699;0.0006034617803632674;0.1687804878048778;0.0012074440223833274;0.09086092715231768;0.0013158834467086394;0.1276872964169381;0.0;0.04920818848976438;0.0005225830533781261;0.205935226137823;0.0010882827763081288;0.04771704180064307;0.0006034617803632674;13.949090909091186;0.2643577847545265;1.8086659064994384;0.08719502796874995;0.7757731958762892;0.06537685957642489;0.12844792468202582;0.03343375239447134;0.09740588000532105;0.08104465907796544;-3.017241379310345;-4.242424242424243;4.117647058823528;0.8333333333333331;0.8333333333333331;0.2794986571172784;0.2678026374277668;0.39093078758949873;0.22400807964218744;0.20547710740265296;0.26042189113438535;0.2697819314641744;0.28603954463750764;0.3579259722005312;0.1687804878048778;0.09086092715231768;0.1276872964169381;0.04920818848976438;0.205935226137823;0.04771704180064307;0.310985002026753;0.2296510786158971;0.3037336024217963;0.12844792468202582;0.09740588000532105
;;;;;;;;;0.020673987126088603;0.015314975480950583;0.01318267419962335;0.8333333333333331;;;-1.4000248054110702;-10.551219512195129;0.0013834746886050378;-5.679847908745231;0.001980527093522562;-3.0480234260614916;0.002359548300949586;10.26424870466308;0.0006034617803632674;10.448421052631454;0.002976740091409879;38.80000000000137;0.00030166587452959133;1.5746300211416568;0.001509630526971253;2.0400977995109915;0.0025816309291828623;2.476033057851239;0.0005225830533781261;0.2377127891750327;0.0005225830533781261;0.14339777869189632;0.001886034320559523;0.18646934460887946;0.0010455563853622105;0.05088940448569218;0.0015689204333208815;0.28025078369905954;0.0005225830533781261;0.04939479783672416;0.0007984160167625445;-4.5588400374181415;0.796006623285263;13.984054669703793;0.07160852639964725;1.9903614457831216;0.081434544262557;0.18826019472273198;0.03756886959178434;0.11950681726139598;0.1157016452186377;-1.9125683060109289;-3.017241379310345;-4.242424242424243;0.8333333333333331;0.8333333333333331;0.18245466048080977;0.2142263014484442;0.3176865557759807;0.29901886792452853;0.29978858350951393;0.33489519112207117;0.21353211009174333;0.24369158878504646;0.2660746003552397;0.2377127891750327;0.14339777869189632;0.18646934460887946;0.05088940448569218;0.28025078369905954;0.04939479783672416;0.23612578128785322;0.3110717000253355;0.24081632653061194;0.18826019472273198;0.11950681726139598
;;;;;;;;;0.01995710861612213;0.015137037968317845;0.01318267419962335;0.8333333333333331;;;-1.400022789486612;-2.994334277620399;0.0012074440223833274;-2.53927125506073;0.0016812592714729882;-2.200568990042674;0.001836973752911367;-6.109623430962324;0.0013158834467086394;-5.007692307692308;0.001886034320559523;-4.884829721362219;0.001597743221938763;4.077372262773722;0.0;5.032000000000032;0.00030166587452959133;13.810810810810597;0.0007984160167625445;0.48859060402684523;0.0013158834467086394;0.3263803680981598;0.0016812592714729882;0.4685258964143426;0.0015689204333208815;0.07156491044580972;0.0013158834467086394;0.36453989653550734;0.0026858300838619306;0.07272013607222275;0.0010882827763081288;-2.4892903225806435;1.0913404104506939;-5.263615560640738;0.08428387773105649;6.029702970297024;0.13106962076734485;0.4249027237354085;0.05548886655560307;0.15821143463614964;0.14012639706861638;-1.6166281755196306;-1.9125683060109289;-3.017241379310345;-4.242424242424243;0.8333333333333331;0.1450926561427593;0.1755879059350506;0.2230713770728188;0.20868943833071338;0.2256499133448873;0.22823665557645034;0.24489259096887328;0.25968740784429345;0.31063829787234065;0.09680851063829767;0.06945169712793753;0.09363057324840764;0.07156491044580972;0.36453989653550734;0.07272013607222275;0.18060288335517674;0.22081213401171154;0.27126948775055676;0.08652931854199682;0.15821143463614964
;;;;;;;;;0.01995710861612213;0.015137037968317845;0.01318267419962335;;;;-1.4000171796979926;-1.8520481927710841;0.001886034320559523;-1.816888888888889;0.0009053878015929969;-1.818127786032691;0.001597743221938763;-2.216835994194485;0.0021143947248519345;-2.1784232365145226;0.0022807462923735635;-2.2240117130307477;0.001509630526971253;-5.7375722543352605;0.002092675635276532;-5.592178770949721;0.001886034320559523;-5.984928716904297;0.0016812592714729882;3.270539419087156;0.001509630526971253;2.179014308426084;0.0012074440223833274;2.4350936967632153;0.00030166587452959133;0.3211009174311926;0.0015689204333208815;0.8315622521808091;0.00030166587452959133;0.355458515283843;0.001836973752911367;-1.828419182948489;0.24321503855194002;-2.2059188544152732;0.0793847663796664;-5.765610859728531;0.02047717809855181;2.577385159010614;0.06917989576380694;0.4764169815514563;0.16100029017422662;-1.6166281755196306;-1.6166281755196306;-3.017241379310345;-3.017241379310345;-4.242424242424243;0.3606757390896293;0.3900763358778625;0.38893833439288006;0.2198014102748599;0.22776572668112793;0.21840402588066163;0.5036022323693556;0.5094147582697199;0.49463053358020553;0.22800115707260604;0.1941084832176743;0.20364724319703637;0.0684931506849315;0.14382114936222762;0.07464954801519735;0.37979233647815325;0.2219799221864644;0.5025297199842245;0.20845955987424952;0.0948868918500154
;;;;;;;;4.117647058823528;0.01211893112532932;0.01478129713423831;0.01211893112532932;0.8333333333333331;;;-1.4000164780156392;-1.8250755287009046;0.0010882827763081288;-1.7757009345794377;0.0026858300838619306;-1.7935664335664347;0.003407141113894147;-2.1709589041095883;0.0016812592714729882;-2.148404255319149;0.0012074440223833274;-2.1434610303830905;0.001597743221938763;-4.579661016949154;0.0022807462923735635;-4.433962264150935;0.0010882827763081288;-4.950788643533112;0.0007984160167625445;4.227999999999971;0.0016812592714729882;2.5425569176882514;0.001207444022383275;2.9883040935672502;0.0;0.5026369168356997;1.7757797926443356e-17;0.9275434243176178;0.0013834746886050378;0.482274247491639;0.0007984160167625445;-1.7970837253057377;0.39058232252736835;-2.1540866458240275;0.051878686766584886;-4.6406909788867505;0.04978755196753595;3.150943396226439;0.080041604821181;0.6181687783887162;0.12165900216550793;-1.6166281755196306;-1.6166281755196306;-1.9125683060109289;-3.017241379310345;-4.242424242424243;0.3827050997782702;0.4332247557003253;0.41314432989690747;0.22941517081644447;0.23462097008422905;0.23580874872838223;0.23557105492589364;0.23962126729788805;0.22682468564821526;0.2475409836065576;0.20731115236327308;0.22073434125269975;0.09900119856172591;0.1549108992954828;0.09581395348837228;0.40945236309077226;0.23327690447400257;0.23398819316752165;0.22502406159768995;0.11609572127688218
;;;;;;;;;0.01318267419962335;0.01211893112532932;0.011587659894657635;0.8333333333333331;;;-1.400015211387199;-1.7946704067321162;0.0013834746886050378;-1.7568801521876989;0.001980527093522562;-1.8156573116691266;0.0021143947248519345;-2.1026217228464414;0.0013834746886050378;-2.0740119760479034;0.001980527093522562;-2.1544235924932984;0.0021143947248519345;-4.842201834862386;0.0015689204333208815;-4.152078239608809;0.0006034617803632674;-4.615999999999992;0.0012074440223833274;5.380722891566305;0.0030225202602662824;3.147878787878787;0.0015689204333208815;3.704761904761904;0.0013834746886050378;0.6259179265658745;0.0009053878015929969;0.9746835443037974;0.0013834746886050378;0.6600292825768671;0.00030166587452959133;-1.787514344732615;0.5528669142830483;-2.1088161209068015;0.17607777467111996;-4.5093922651933624;0.07774049396617178;3.926182965299717;0.07622781628199214;0.7426395939086294;0.08240498552205679;-1.6166281755196306;-1.6166281755196306;-1.9125683060109289;-3.017241379310345;-4.242424242424243;0.4119768190598837;0.45711928724632916;0.39121578612348795;0.2463361123299693;0.2545641628693221;0.23319791062101008;0.22917933130699086;0.24874761974512938;0.23462097008422905;0.26410408042578326;0.22494586401039407;0.2377127891750327;0.11718560452891222;0.16008316008316006;0.1219037317468904;0.41969068276122196;0.24465225014611364;0.2374745417515277;0.2420929780198404;0.13281888334089864
;;;;;;;;;0.011056788266265513;0.01424802110817942;0.012650602409638553;0.8333333333333331;;;-1.4000123658069354;-1.8193740685543949;0.001597743221938763;-1.7702631578947379;0.0007984160167625445;-1.8011404133998588;0.0010882827763081288;-2.067615658362989;0.0015689204333208815;-2.0468965517241378;0.0;-2.17414030261348;0.001836973752911367;-3.8902654867256583;0.0007984160167625445;-3.879295154185028;0.0010882827763081288;-4.1792592592592595;0.0005225830533781261;6.471328671328614;0.001597743221938763;5.3;0.0015689204333208815;5.9328990228012515;0.001836973752911367;0.9766891891891839;0.0021143947248519345;1.0968944099378826;0.0016812592714729882;1.0196044711951795;0.0007984160167625445;-1.7958733880422029;0.40648785825503264;-2.091967213114754;0.3262526114435145;-3.975743707093815;0.05001253612769546;5.86975242195911;0.022205546220885018;1.0300518134715022;0.02037070982368062;-1.6166281755196306;-1.6166281755196306;-1.9125683060109289;-3.017241379310345;-4.242424242424243;0.3878017789072423;0.43981693363844426;0.4052927024859666;0.25651214128035316;0.26312056737588646;0.228707857039502;0.25919811320754743;0.25968740784429345;0.24778216952129994;0.27549866031557035;0.26312056737588646;0.27027748924172745;0.16029941779872445;0.17272600251502002;0.16485471986653666;0.4107137111909487;0.24931132167627218;0.2555375790557437;0.2696168108776268;0.16594323873121866
;;;;;;;;;0.01211893112532932;0.01371514694800301;0.01211893112532932;0.8333333333333331;;;-1.400011390499473;-1.8283105022831048;0.0015689204333208815;-1.8093090909090892;0.0033665614448331973;-1.8260408781226327;0.0010882827763081288;-2.1784232365145226;0.0010455563853622105;-2.0597889800703393;0.0007984160167625445;-2.1415019762845846;0.0013834746886050378;-3.952380952380952;0.004091906102455142;-3.7112936344969247;0.002976740091409879;-4.24962025316455;0.0021143947248519345;6.3627586206897035;0.0010882827763081288;6.15436241610733;0.0007984160167625445;5.885436893203882;0.0029145887504997527;1.0968944099378826;0.001980527093522562;1.2031452358926975;0.0010882827763081288;1.1169946332736973;0.0016812592714729882;-1.821047381546135;0.1267822994238117;-2.1230835117773017;0.28061093906535833;-3.952380952380952;0.08496042216358818;6.129096989966606;0.008355006531356252;1.1381840048105871;0.017188845668848637;-1.6166281755196306;-1.6166281755196306;-1.9125683060109289;-3.017241379310345;-4.242424242424243;0.37988614800759;0.39722177870030306;0.38185847712521737;0.22776572668112793;0.2589535740604271;0.2362843436546009;0.25651214128035316;0.2678026374277668;0.24537348340885856;0.27450163641773256;0.272511144130758;0.2697819314641744;0.17272600251502002;0.18289973280832533;0.1747062115276998;0.3862886161658903;0.2408960590893626;0.25651214128035316;0.27226266528004733;0.1767650354874857
;;;;;;;;;0.01211893112532932;0.01371514694800301;0.01211893112532932;;;;-1.400010759431163;-1.8309341500765677;0.0013158834467086394;-1.7688073394495423;0.0007984160167625445;-1.8283105022831048;0.0013834746886050378;-2.110606060606061;0.0010455563853622105;-2.0788902291917966;0.0016812592714729882;-2.189340813464236;0.0013158834467086394;-3.9181208053691274;0.0009053878015929969;-3.9408577878103785;0.0025816309291828623;-4.25685279187818;0.0043633064865835;6.72707581227431;0.001597743221938763;5.861935483870918;0.0021143947248519345;5.240707964601771;0.003184790996177559;0.9928571428571428;0.0009053878015929969;1.0196044711951795;0.001509630526971253;1.0814814814814813;0.0026168224299065413;-1.8072358900144732;0.6300964444361333;-2.1233933161953726;0.24203081593345585;-4.029906542056069;0.05334857429469188;5.893304535637212;0.027540069210690944;1.0307515116613806;0.015138417094654076;-1.6166281755196306;-1.6166281755196306;-1.9125683060109289;-3.017241379310345;-4.242424242424243;0.37763739734680957;0.44162303664921493;0.37988614800759;0.2441717791411043;0.25310618299309706;0.22541516245487386;0.2579761378700839;0.2569998527896366;0.24513300204618504;0.2777463109256225;0.2695342628300209;0.26238369517058036;0.1620316402997502;0.16485471986653666;0.17118927973199324;0.39923273657289027;0.24081632653061194;0.25334900117508835;0.2698645040055384;0.16601586050178538
;;;;;;;;-13.125000000000004;0.016918429003021148;0.012650602409638553;0.010526315789473682;0.8333333333333331;;;-1.4000093767809512;-1.8002844950213384;0.0025816309291828623;-1.7717305151915468;0.0010882827763081288;-1.8171979243884373;0.0025816309291828623;-2.1043804755944926;0.001836973752911367;-2.052143684820394;0.0007984160167625445;-2.1454304635761594;0.0010882827763081288;-3.7597484276729567;0.001886034320559523;-3.633333333333333;0.0005225830533781261;-3.7018404907975464;0.0;11.688372093023096;0.0006034617803632674;9.8;0.001568920433320829;9.169014084507042;0.001811947399666608;1.3267441860465115;0.0010455563853622105;1.2176744186046569;0.0010882827763081288;1.2597353497164396;0.0010882827763081288;-1.7955024595924087;0.3687175037025182;-2.098551923872569;0.21867290453337618;-3.697142857142862;0.023958904242482933;10.124914675767752;0.018596329591112556;1.2672985781990458;0.01524835600755848;-1.6166281755196306;-1.6166281755196306;-1.9125683060109289;-3.017241379310345;-4.242424242424243;0.4061617458279848;0.43801436969301133;0.38979169979329015;0.2458546571136128;0.2614022140221404;0.23533343019032416;0.265335108743897;0.27201426024955433;0.2682970208981769;0.30442156268927945;0.29696969696969694;0.29390519187358916;0.1938827527612574;0.18423645320197063;0.18803611738148962;0.4111021721641187;0.24746060399082825;0.26854432256151767;0.29842068202394134;0.18870853916725452
;;;;;;;;;0.01584905660377358;0.012650602409638553;0.011587659894657635;0.8333333333333331;;;-1.4000086876523175;-1.7881379310344812;0.0025816309291828623;-1.7700197238658777;0.001886034320559523;-1.8276595744680864;0.0007984160167625445;-2.093958076448828;0.0021782588108635458;-2.052900232018561;0.0028830138688328132;-2.1252577319587633;0.0006034617803632674;-3.7797040169133136;0.001597743221938763;-3.6027397260274014;0.0016812592714729882;-3.789808917197452;0.0015689204333208815;8.879452054794514;0.003666292555181391;9.169014084507042;0.0010455563853622105;9.022222222222213;0.0036285910966203407;1.2225535880708234;0.00030166587452959133;1.1816513761467946;0.0024730705792320143;1.2250000000000056;0.001836973752911367;-1.7938418474457645;0.4892303594291471;-2.0894242547978767;0.16876890228025676;-3.720824742268036;0.04037871580746627;9.022222222222213;0.002616822429906594;1.2095826893353896;0.0070816064676042225;-1.6166281755196306;-1.6166281755196306;-1.9125683060109289;-3.017241379310345;-4.242424242424243;0.4190045248868774;0.4401177047572339;0.3804492249288202;0.24874761974512938;0.2611570247933882;0.24033809385018964;0.2643501404702057;0.2737546468401484;0.26385809312638575;0.2923770861524583;0.29390519187358916;0.29314079422382666;0.18468252850908043;0.18089887640449456;0.18490566037735867;0.4128523111612171;0.2500366479354995;0.2673085468819436;0.29314079422382666;0.18349355216881622
;;;;;;;;;0.01584905660377358;0.01371514694800301;0.012650602409638553;0.8333333333333331;;;-1.4000076719023447;-1.7616966580976872;0.0016812592714729882;-1.7737051792828684;0.0013834746886050378;-1.7860082304526748;0.002397983176253183;-2.1008717310087177;0.0016812592714729882;-2.0567094515752626;0.00030166587452959133;-2.1309090909090913;0.001509630526971253;-3.633333333333333;0.002397983176253183;-3.6113948919449865;0.0026342428624010774;-3.7065573770491755;0.0026858300838619306;9.912562814070235;0.001980527093522562;9.1196261682242;0.0033665614448331973;9.475362318840574;0.002397983176253183;1.2799999999999998;0.0005225830533781261;1.2774500475737454;0.0010882827763081288;1.2397748592870603;0.0007984160167625445;-1.7735398230088513;0.19434963957436868;-2.0948148148148147;0.1717174966510159;-3.649700199866753;0.019365610987639427;9.49290322580659;0.006565330434120744;1.2656141458793726;0.006270768758226886;-1.6166281755196306;-1.6166281755196306;-1.9125683060109289;-3.017241379310345;-4.242424242424243;0.4507070042749098;0.43561643835616437;0.42135922330097086;0.24681784930504774;0.2599321633977292;0.23890506697728617;0.27201426024955433;0.27325702393340284;0.2680497925311205;0.29748152616498286;0.2936503159795368;0.2954360596475373;0.18983050847457622;0.18960598785482294;0.18624577226606556;0.4358160269653145;0.24850615114235497;0.2711040728460436;0.2955211889937737;0.18855906289692798
;;;;;;;;;0.01620533467539005;0.013005272407732882;0.011587659894657635;0.8333333333333331;;;;;;;;;;;;;;;;;;;;;;;;;;;;;;;;;;;;;;;;;;;;;;;;;;;;;;;;;;;;;;;;;;;;
;;;;;;;;;0.01620533467539005;0.013005272407732882;0.011587659894657635;;;;;;;;;;;;;;;;;;;;;;;;;;;;;;;;;;;;;;;;;;;;;;;;;;;;;;;;;;;;;;;;;;;;;
;;;;;;;;-4.242424242424243;0.02121212121212121;0.01798941798941799;0.01211893112532932;0.8333333333333331;;;;;;;;;;;;;;;;;;;;;;;;;;;;;;;;;;;;;;;;;;;;;;;;;;;;;;;;;;;;;;;;;;;;
;;;;;;;;;0.02336874051593323;0.018525519848771266;0.01211893112532932;0.8333333333333331;;;;;;;;;;;;;;;;;;;;;;;;;;;;;;;;;;;;;;;;;;;;;;;;;;;;;;;;;;;;;;;;;;;;
;;;;;;;;;0.02282897231702692;0.018525519848771266;0.011587659894657635;0.8333333333333331;;;;;;;;;;;;;;;;;;;;;;;;;;;;;;;;;;;;;;;;;;;;;;;;;;;;;;;;;;;;;;;;;;;;
;;;;;;;;;0.022469354227221006;0.018346774193548406;0.011941796287004532;0.8333333333333331;;;;;;;;;;;;;;;;;;;;;;;;;;;;;;;;;;;;;;;;;;;;;;;;;;;;;;;;;;;;;;;;;;;;
;;;;;;;;;0.022469354227221006;0.018346774193548406;0.011941796287004532;;;;;;;;;;;;;;;;;;;;;;;;;;;;;;;;;;;;;;;;;;;;;;;;;;;;;;;;;;;;;;;;;;;;;
;;;;;;;;0.0;0.01478129713423831;0.01371514694800301;0.02336874051593323;0.8333333333333331;;;;;;;;;;;;;;;;;;;;;;;;;;;;;;;;;;;;;;;;;;;;;;;;;;;;;;;;;;;;;;;;;;;;
;;;;;;;;;0.01424802110817942;0.01371514694800301;0.02121212121212121;0.8333333333333331;;;;;;;;;;;;;;;;;;;;;;;;;;;;;;;;;;;;;;;;;;;;;;;;;;;;;;;;;;;;;;;;;;;;
;;;;;;;;;0.01478129713423831;0.01371514694800301;0.023908918406072104;0.8333333333333331;;;;;;;;;;;;;;;;;;;;;;;;;;;;;;;;;;;;;;;;;;;;;;;;;;;;;;;;;;;;;;;;;;;;
;;;;;;;;;0.014603493779062476;0.01371514694800301;0.02282897231702692;0.8333333333333331;;;;;;;;;;;;;;;;;;;;;;;;;;;;;;;;;;;;;;;;;;;;;;;;;;;;;;;;;;;;;;;;;;;;
;;;;;;;;;0.014603493779062476;0.01371514694800301;0.02282897231702692;;;;;;;;;;;;;;;;;;;;;;;;;;;;;;;;;;;;;;;;;;;;;;;;;;;;;;;;;;;;;;;;;;;;;
;;;;;;;;0.8333333333333331;0.01424802110817942;0.01211893112532932;0.01424802110817942;0.8333333333333331;;;;;;;;;;;;;;;;;;;;;;;;;;;;;;;;;;;;;;;;;;;;;;;;;;;;;;;;;;;;;;;;;;;;
;;;;;;;;;0.01478129713423831;0.01318267419962335;0.015314975480950583;0.8333333333333331;;;;;;;;;;;;;;;;;;;;;;;;;;;;;;;;;;;;;;;;;;;;;;;;;;;;;;;;;;;;;;;;;;;;
;;;;;;;;;0.01478129713423831;0.01318267419962335;0.015314975480950583;0.8333333333333331;;;;;;;;;;;;;;;;;;;;;;;;;;;;;;;;;;;;;;;;;;;;;;;;;;;;;;;;;;;;;;;;;;;;
;;;;;;;;;0.014603493779062476;0.012827915149993705;0.014959145191703313;0.8333333333333331;;;;;;;;;;;;;;;;;;;;;;;;;;;;;;;;;;;;;;;;;;;;;;;;;;;;;;;;;;;;;;;;;;;;
;;;;;;;;;0.014603493779062476;0.012827915149993705;0.014959145191703313;;;;;;;;;;;;;;;;;;;;;;;;;;;;;;;;;;;;;;;;;;;;;;;;;;;;;;;;;;;;;;;;;;;;;
;;;;;;;;4.117647058823528;0.010526315789473682;0.01371514694800301;0.012650602409638553;0.8333333333333331;;;;;;;;;;;;;;;;;;;;;;;;;;;;;;;;;;;;;;;;;;;;;;;;;;;;;;;;;;;;;;;;;;;;
;;;;;;;;;0.01371514694800301;0.011587659894657635;0.011587659894657635;0.8333333333333331;;;;;;;;;;;;;;;;;;;;;;;;;;;;;;;;;;;;;;;;;;;;;;;;;;;;;;;;;;;;;;;;;;;;
;;;;;;;;;0.010526315789473682;0.01211893112532932;0.01211893112532932;0.8333333333333331;;;;;;;;;;;;;;;;;;;;;;;;;;;;;;;;;;;;;;;;;;;;;;;;;;;;;;;;;;;;;;;;;;;;
;;;;;;;;;0.011587659894657635;0.012473334169908411;0.01211893112532932;0.8333333333333331;;;;;;;;;;;;;;;;;;;;;;;;;;;;;;;;;;;;;;;;;;;;;;;;;;;;;;;;;;;;;;;;;;;;
;;;;;;;;;0.011587659894657635;0.012473334169908411;0.01211893112532932;;;;;;;;;;;;;;;;;;;;;;;;;;;;;;;;;;;;;;;;;;;;;;;;;;;;;;;;;;;;;;;;;;;;;
;;;;;;;;-13.125000000000004;0.009996242014280345;0.007351837959489871;0.009996242014280345;0.8333333333333331;;;;;;;;;;;;;;;;;;;;;;;;;;;;;;;;;;;;;;;;;;;;;;;;;;;;;;;;;;;;;;;;;;;;
;;;;;;;;;0.009466566491359877;0.008408408408408409;0.007879924953095684;0.8333333333333331;;;;;;;;;;;;;;;;;;;;;;;;;;;;;;;;;;;;;;;;;;;;;;;;;;;;;;;;;;;;;;;;;;;;
;;;;;;;;;0.010526315789473682;0.008408408408408409;0.008937288772061585;0.8333333333333331;;;;;;;;;;;;;;;;;;;;;;;;;;;;;;;;;;;;;;;;;;;;;;;;;;;;;;;;;;;;;;;;;;;;
;;;;;;;;;0.009996242014280345;0.008056042031523623;0.008937288772061585;0.8333333333333331;;;;;;;;;;;;;;;;;;;;;;;;;;;;;;;;;;;;;;;;;;;;;;;;;;;;;;;;;;;;;;;;;;;;
;;;;;;;;;0.009996242014280345;0.008056042031523623;0.008937288772061585;;;;;;;;;;;;;;;;;;;;;;;;;;;;;;;;;;;;;;;;;;;;;;;;;;;;;;;;;;;;;;;;;;;;;
;;;;;;;;-4.242424242424243;0.007879924953095684;0.01424802110817942;0.008408408408408409;0.8333333333333331;;;;;;;;;;;;;;;;;;;;;;;;;;;;;;;;;;;;;;;;;;;;;;;;;;;;;;;;;;;;;;;;;;;;
;;;;;;;;;0.007351837959489871;0.01318267419962335;0.01211893112532932;0.8333333333333331;;;;;;;;;;;;;;;;;;;;;;;;;;;;;;;;;;;;;;;;;;;;;;;;;;;;;;;;;;;;;;;;;;;;
;;;;;;;;;0.006824146981627295;0.01318267419962335;0.011056788266265513;0.8333333333333331;;;;;;;;;;;;;;;;;;;;;;;;;;;;;;;;;;;;;;;;;;;;;;;;;;;;;;;;;;;;;;;;;;;;
;;;;;;;;;0.007351837959489871;0.01353761145297;0.010526315789473682;0.8333333333333331;;;;;;;;;;;;;;;;;;;;;;;;;;;;;;;;;;;;;;;;;;;;;;;;;;;;;;;;;;;;;;;;;;;;
;;;;;;;;;0.007351837959489871;0.01353761145297;0.010526315789473682;;;;;;;;;;;;;;;;;;;;;;;;;;;;;;;;;;;;;;;;;;;;;;;;;;;;;;;;;;;;;;;;;;;;;
;;;;;;;;0.0;0.02770167427701674;0.03425076452599388;0.04418783679753656;0.8333333333333331;;;;;;;;;;;;;;;;;;;;;;;;;;;;;;;;;;;;;;;;;;;;;;;;;;;;;;;;;;;;;;;;;;;;
;;;;;;;;;0.02607373622196883;0.03370271303018724;0.04363216621777607;0.8333333333333331;;;;;;;;;;;;;;;;;;;;;;;;;;;;;;;;;;;;;;;;;;;;;;;;;;;;;;;;;;;;;;;;;;;;
;;;;;;;;;0.02715861544313427;0.03754789272030651;0.04363216621777607;0.8333333333333331;;;;;;;;;;;;;;;;;;;;;;;;;;;;;;;;;;;;;;;;;;;;;;;;;;;;;;;;;;;;;;;;;;;;
;;;;;;;;;0.026977687626774865;0.03516511538951933;0.04381734222678294;0.8333333333333331;;;;;;;;;;;;;;;;;;;;;;;;;;;;;;;;;;;;;;;;;;;;;;;;;;;;;;;;;;;;;;;;;;;;
;;;;;;;;;0.026977687626774865;0.03516511538951933;0.04381734222678294;;;;;;;;;;;;;;;;;;;;;;;;;;;;;;;;;;;;;;;;;;;;;;;;;;;;;;;;;;;;;;;;;;;;;
;;;;;;;;0.8333333333333331;0.028789032749428786;0.03425076452599388;0.028789032749428786;0.8333333333333331;;;;;;;;;;;;;;;;;;;;;;;;;;;;;;;;;;;;;;;;;;;;;;;;;;;;;;;;;;;;;;;;;;;;
;;;;;;;;;0.02715861544313427;0.03644716692189893;0.029878048780487804;0.8333333333333331;;;;;;;;;;;;;;;;;;;;;;;;;;;;;;;;;;;;;;;;;;;;;;;;;;;;;;;;;;;;;;;;;;;;
;;;;;;;;;0.028245146555005703;0.03425076452599388;0.030968726163234168;0.8333333333333331;;;;;;;;;;;;;;;;;;;;;;;;;;;;;;;;;;;;;;;;;;;;;;;;;;;;;;;;;;;;;;;;;;;;
;;;;;;;;;0.028063943161634117;0.03498215196328402;0.029878048780487804;0.8333333333333331;;;;;;;;;;;;;;;;;;;;;;;;;;;;;;;;;;;;;;;;;;;;;;;;;;;;;;;;;;;;;;;;;;;;
;;;;;;;;;0.028063943161634117;0.03498215196328402;0.029878048780487804;;;;;;;;;;;;;;;;;;;;;;;;;;;;;;;;;;;;;;;;;;;;;;;;;;;;;;;;;;;;;;;;;;;;;
;;;;;;;;4.117647058823528;0.020673987126088603;0.023908918406072104;0.026615969581749045;0.8333333333333331;;;;;;;;;;;;;;;;;;;;;;;;;;;;;;;;;;;;;;;;;;;;;;;;;;;;;;;;;;;;;;;;;;;;
;;;;;;;;;0.021750663129973473;0.02121212121212121;0.028245146555005703;0.8333333333333331;;;;;;;;;;;;;;;;;;;;;;;;;;;;;;;;;;;;;;;;;;;;;;;;;;;;;;;;;;;;;;;;;;;;
;;;;;;;;;0.022289613343441997;0.02282897231702692;0.029878048780487804;0.8333333333333331;;;;;;;;;;;;;;;;;;;;;;;;;;;;;;;;;;;;;;;;;;;;;;;;;;;;;;;;;;;;;;;;;;;;
;;;;;;;;;0.02157110381409448;0.022649140546006082;0.028245146555005703;0.8333333333333331;;;;;;;;;;;;;;;;;;;;;;;;;;;;;;;;;;;;;;;;;;;;;;;;;;;;;;;;;;;;;;;;;;;;
;;;;;;;;;0.02157110381409448;0.022649140546006082;0.028245146555005703;;;;;;;;;;;;;;;;;;;;;;;;;;;;;;;;;;;;;;;;;;;;;;;;;;;;;;;;;;;;;;;;;;;;;
;;;;;;;;-13.125000000000004;0.01906202723146747;0.020673987126088603;0.016918429003021148;0.8333333333333331;;;;;;;;;;;;;;;;;;;;;;;;;;;;;;;;;;;;;;;;;;;;;;;;;;;;;;;;;;;;;;;;;;;;
;;;;;;;;;0.016918429003021148;0.018525519848771266;0.016918429003021148;0.8333333333333331;;;;;;;;;;;;;;;;;;;;;;;;;;;;;;;;;;;;;;;;;;;;;;;;;;;;;;;;;;;;;;;;;;;;
;;;;;;;;;0.01959894059780552;0.020136260408781224;0.017453721193804304;0.8333333333333331;;;;;;;;;;;;;;;;;;;;;;;;;;;;;;;;;;;;;;;;;;;;;;;;;;;;;;;;;;;;;;;;;;;;
;;;;;;;;;0.018525519848771266;0.019778002018163453;0.01709681480548909;0.8333333333333331;;;;;;;;;;;;;;;;;;;;;;;;;;;;;;;;;;;;;;;;;;;;;;;;;;;;;;;;;;;;;;;;;;;;
;;;;;;;;;0.018525519848771266;0.019778002018163453;0.01709681480548909;;;;;;;;;;;;;;;;;;;;;;;;;;;;;;;;;;;;;;;;;;;;;;;;;;;;;;;;;;;;;;;;;;;;;
;;;;;;;;-4.242424242424243;0.017453721193804304;0.02607373622196883;0.01584905660377358;0.8333333333333331;;;;;;;;;;;;;;;;;;;;;;;;;;;;;;;;;;;;;;;;;;;;;;;;;;;;;;;;;;;;;;;;;;;;
;;;;;;;;;0.01906202723146747;0.024990505127231295;0.016383540958852395;0.8333333333333331;;;;;;;;;;;;;;;;;;;;;;;;;;;;;;;;;;;;;;;;;;;;;;;;;;;;;;;;;;;;;;;;;;;;
;;;;;;;;;0.017453721193804304;0.024990505127231295;0.016918429003021148;0.8333333333333331;;;;;;;;;;;;;;;;;;;;;;;;;;;;;;;;;;;;;;;;;;;;;;;;;;;;;;;;;;;;;;;;;;;;
;;;;;;;;;0.01798941798941799;0.02535139926554389;0.016383540958852395;0.8333333333333331;;;;;;;;;;;;;;;;;;;;;;;;;;;;;;;;;;;;;;;;;;;;;;;;;;;;;;;;;;;;;;;;;;;;
;;;;;;;;;0.01798941798941799;0.02535139926554389;0.016383540958852395;;;;;;;;;;;;;;;;;;;;;;;;;;;;;;;;;;;;;;;;;;;;;;;;;;;;;;;;;;;;;;;;;;;;;
;;;;;;;;0.0;0.07137254901960784;0.08535233570863023;0.1008;0.8333333333333331;;;;;;;;;;;;;;;;;;;;;;;;;;;;;;;;;;;;;;;;;;;;;;;;;;;;;;;;;;;;;;;;;;;;
;;;;;;;;;0.07137254901960784;0.08652931854199682;0.0960127591706539;0.8333333333333331;;;;;;;;;;;;;;;;;;;;;;;;;;;;;;;;;;;;;;;;;;;;;;;;;;;;;;;;;;;;;;;;;;;;
;;;;;;;;;0.07310561444837063;0.08652931854199682;0.09720670391061449;0.8333333333333331;;;;;;;;;;;;;;;;;;;;;;;;;;;;;;;;;;;;;;;;;;;;;;;;;;;;;;;;;;;;;;;;;;;;
;;;;;;;;;0.07194978422910944;0.08613678373382604;0.0980037263774286;0.8333333333333331;;;;;;;;;;;;;;;;;;;;;;;;;;;;;;;;;;;;;;;;;;;;;;;;;;;;;;;;;;;;;;;;;;;;
;;;;;;;;;0.07194978422910944;0.08613678373382604;0.0980037263774286;;;;;;;;;;;;;;;;;;;;;;;;;;;;;;;;;;;;;;;;;;;;;;;;;;;;;;;;;;;;;;;;;;;;;
;;;;;;;;0.8333333333333331;0.06390948107686305;0.05539177657098525;0.06677091477716965;0.8333333333333331;;;;;;;;;;;;;;;;;;;;;;;;;;;;;;;;;;;;;;;;;;;;;;;;;;;;;;;;;;;;;;;;;;;;
;;;;;;;;;0.06219797349961028;0.05708737864077669;0.06964355660007833;0.8333333333333331;;;;;;;;;;;;;;;;;;;;;;;;;;;;;;;;;;;;;;;;;;;;;;;;;;;;;;;;;;;;;;;;;;;;
;;;;;;;;;0.06049046321525885;0.05878693623639191;0.06964355660007833;0.8333333333333331;;;;;;;;;;;;;;;;;;;;;;;;;;;;;;;;;;;;;;;;;;;;;;;;;;;;;;;;;;;;;;;;;;;;
;;;;;;;;;0.06219797349961028;0.05708737864077669;0.06868475991649249;0.8333333333333331;;;;;;;;;;;;;;;;;;;;;;;;;;;;;;;;;;;;;;;;;;;;;;;;;;;;;;;;;;;;;;;;;;;;
;;;;;;;;;0.06219797349961028;0.05708737864077669;0.06868475991649249;;;;;;;;;;;;;;;;;;;;;;;;;;;;;;;;;;;;;;;;;;;;;;;;;;;;;;;;;;;;;;;;;;;;;
;;;;;;;;4.117647058823528;0.04418783679753656;0.05708737864077669;0.04808954071786954;0.8333333333333331;;;;;;;;;;;;;;;;;;;;;;;;;;;;;;;;;;;;;;;;;;;;;;;;;;;;;;;;;;;;;;;;;;;;
;;;;;;;;;0.04307692307692307;0.05765345765345764;0.04976816074188562;0.8333333333333331;;;;;;;;;;;;;;;;;;;;;;;;;;;;;;;;;;;;;;;;;;;;;;;;;;;;;;;;;;;;;;;;;;;;
;;;;;;;;;0.044743935309973046;0.05539177657098525;0.05313710302091401;0.8333333333333331;;;;;;;;;;;;;;;;;;;;;;;;;;;;;;;;;;;;;;;;;;;;;;;;;;;;;;;;;;;;;;;;;;;;
;;;;;;;;;0.04400256574727391;0.05671023683188798;0.05032856590645534;0.8333333333333331;;;;;;;;;;;;;;;;;;;;;;;;;;;;;;;;;;;;;;;;;;;;;;;;;;;;;;;;;;;;;;;;;;;;
;;;;;;;;;0.04400256574727391;0.05671023683188798;0.05032856590645534;;;;;;;;;;;;;;;;;;;;;;;;;;;;;;;;;;;;;;;;;;;;;;;;;;;;;;;;;;;;;;;;;;;;;
;;;;;;;;-13.125000000000004;0.03151468904998092;0.02336874051593323;0.03151468904998092;0.8333333333333331;;;;;;;;;;;;;;;;;;;;;;;;;;;;;;;;;;;;;;;;;;;;;;;;;;;;;;;;;;;;;;;;;;;;
;;;;;;;;;0.030968726163234168;0.02444950645406226;0.030423179565383145;0.8333333333333331;;;;;;;;;;;;;;;;;;;;;;;;;;;;;;;;;;;;;;;;;;;;;;;;;;;;;;;;;;;;;;;;;;;;
;;;;;;;;;0.03260786559755631;0.023908918406072104;0.026615969581749045;0.8333333333333331;;;;;;;;;;;;;;;;;;;;;;;;;;;;;;;;;;;;;;;;;;;;;;;;;;;;;;;;;;;;;;;;;;;;
;;;;;;;;;0.03169676926990586;0.023908918406072104;0.029514859029718038;0.8333333333333331;;;;;;;;;;;;;;;;;;;;;;;;;;;;;;;;;;;;;;;;;;;;;;;;;;;;;;;;;;;;;;;;;;;;
;;;;;;;;;0.03169676926990586;0.023908918406072104;0.029514859029718038;;;;;;;;;;;;;;;;;;;;;;;;;;;;;;;;;;;;;;;;;;;;;;;;;;;;;;;;;;;;;;;;;;;;;
;;;;;;;;-4.242424242424243;0.01906202723146747;0.03865030674846625;0.01959894059780552;0.8333333333333331;;;;;;;;;;;;;;;;;;;;;;;;;;;;;;;;;;;;;;;;;;;;;;;;;;;;;;;;;;;;;;;;;;;;
;;;;;;;;;0.02282897231702692;0.03754789272030651;0.01906202723146747;0.8333333333333331;;;;;;;;;;;;;;;;;;;;;;;;;;;;;;;;;;;;;;;;;;;;;;;;;;;;;;;;;;;;;;;;;;;;
;;;;;;;;;0.020673987126088603;0.038098888463012646;0.017453721193804304;0.8333333333333331;;;;;;;;;;;;;;;;;;;;;;;;;;;;;;;;;;;;;;;;;;;;;;;;;;;;;;;;;;;;;;;;;;;;
;;;;;;;;;0.020853319868719997;0.038098888463012646;0.018704310562137616;0.8333333333333331;;;;;;;;;;;;;;;;;;;;;;;;;;;;;;;;;;;;;;;;;;;;;;;;;;;;;;;;;;;;;;;;;;;;
;;;;;;;;;0.020853319868719997;0.038098888463012646;0.018704310562137616;;;;;;;;;;;;;;;;;;;;;;;;;;;;;;;;;;;;;;;;;;;;;;;;;;;;;;;;;;;;;;;;;;;;;
;;;;;;;;0.0;0.14149548069022183;0.16463719766472057;0.3226813590449954;-3.017241379310345;;;;;;;;;;;;;;;;;;;;;;;;;;;;;;;;;;;;;;;;;;;;;;;;;;;;;;;;;;;;;;;;;;;;
;;;;;;;;;0.14339777869189632;0.16268221574344022;0.3242647058823529;-3.017241379310345;;;;;;;;;;;;;;;;;;;;;;;;;;;;;;;;;;;;;;;;;;;;;;;;;;;;;;;;;;;;;;;;;;;;
;;;;;;;;;0.14276315789473681;0.1620316402997502;0.3226813590449954;-3.017241379310345;;;;;;;;;;;;;;;;;;;;;;;;;;;;;;;;;;;;;;;;;;;;;;;;;;;;;;;;;;;;;;;;;;;;
;;;;;;;;;0.1425517335891464;0.16311623385640903;0.3232088181261484;-3.017241379310345;;;;;;;;;;;;;;;;;;;;;;;;;;;;;;;;;;;;;;;;;;;;;;;;;;;;;;;;;;;;;;;;;;;;
;;;;;;;;;1.2025433526011498;1.5274382314694332;21.11199999999954;;;;;;;;;;;;;;;;;;;;;;;;;;;;;;;;;;;;;;;;;;;;;;;;;;;;;;;;;;;;;;;;;;;;;
;;;;;;;;0.8333333333333331;0.15426677713338857;0.14212905877517468;0.15684647302904564;-4.242424242424243;;;;;;;;;;;;;;;;;;;;;;;;;;;;;;;;;;;;;;;;;;;;;;;;;;;;;;;;;;;;;;;;;;;;
;;;;;;;;;0.15813953488372093;0.1446685878962536;0.15749273557492735;-4.242424242424243;;;;;;;;;;;;;;;;;;;;;;;;;;;;;;;;;;;;;;;;;;;;;;;;;;;;;;;;;;;;;;;;;;;;
;;;;;;;;;0.15233760860570952;0.1472164948453608;0.1549108992954828;-4.242424242424243;;;;;;;;;;;;;;;;;;;;;;;;;;;;;;;;;;;;;;;;;;;;;;;;;;;;;;;;;;;;;;;;;;;;
;;;;;;;;;0.1549108992954828;0.1446685878962536;0.15641592920353958;-4.242424242424243;;;;;;;;;;;;;;;;;;;;;;;;;;;;;;;;;;;;;;;;;;;;;;;;;;;;;;;;;;;;;;;;;;;;
;;;;;;;;;0.9275434243176178;0.8386634844868734;0.9410981697171329;;;;;;;;;;;;;;;;;;;;;;;;;;;;;;;;;;;;;;;;;;;;;;;;;;;;;;;;;;;;;;;;;;;;;
;;;;;;;;4.117647058823528;0.18245466048080977;0.2034188034188034;0.19931798806479115;4.117647058823528;;;;;;;;;;;;;;;;;;;;;;;;;;;;;;;;;;;;;;;;;;;;;;;;;;;;;;;;;;;;;;;;;;;;
;;;;;;;;;0.18579881656804734;0.20410431808465157;0.19795570698466777;4.117647058823528;;;;;;;;;;;;;;;;;;;;;;;;;;;;;;;;;;;;;;;;;;;;;;;;;;;;;;;;;;;;;;;;;;;;
;;;;;;;;;0.18379062895736595;0.20754070265638386;0.19456013599660008;4.117647058823528;;;;;;;;;;;;;;;;;;;;;;;;;;;;;;;;;;;;;;;;;;;;;;;;;;;;;;;;;;;;;;;;;;;;
;;;;;;;;;0.1840135097101039;0.20501924996435167;0.1972754363558961;4.117647058823528;;;;;;;;;;;;;;;;;;;;;;;;;;;;;;;;;;;;;;;;;;;;;;;;;;;;;;;;;;;;;;;;;;;;
;;;;;;;;;0.42372002592352587;0.48038757099899787;0.4592666005946481;;;;;;;;;;;;;;;;;;;;;;;;;;;;;;;;;;;;;;;;;;;;;;;;;;;;;;;;;;;;;;;;;;;;;
;;;;;;;;-13.125000000000004;0.11964358039692181;0.07079576636613091;0.09244232299124899;0.8333333333333331;;;;;;;;;;;;;;;;;;;;;;;;;;;;;;;;;;;;;;;;;;;;;;;;;;;;;;;;;;;;;;;;;;;;
;;;;;;;;;0.11718560452891222;0.07021943573667712;0.0948207171314741;0.8333333333333331;;;;;;;;;;;;;;;;;;;;;;;;;;;;;;;;;;;;;;;;;;;;;;;;;;;;;;;;;;;;;;;;;;;;
;;;;;;;;;0.11595959595959594;0.0684931506849315;0.0960127591706539;0.8333333333333331;;;;;;;;;;;;;;;;;;;;;;;;;;;;;;;;;;;;;;;;;;;;;;;;;;;;;;;;;;;;;;;;;;;;
;;;;;;;;;0.11759471484427685;0.06983546617915885;0.09442379182156112;0.8333333333333331;;;;;;;;;;;;;;;;;;;;;;;;;;;;;;;;;;;;;;;;;;;;;;;;;;;;;;;;;;;;;;;;;;;;
;;;;;;;;;0.11759471484427685;0.06983546617915885;0.09442379182156112;;;;;;;;;;;;;;;;;;;;;;;;;;;;;;;;;;;;;;;;;;;;;;;;;;;;;;;;;;;;;;;;;;;;;
;;;;;;;;-4.242424242424243;0.035897435897435895;0.14657873042044517;0.030968726163234168;0.8333333333333331;;;;;;;;;;;;;;;;;;;;;;;;;;;;;;;;;;;;;;;;;;;;;;;;;;;;;;;;;;;;;;;;;;;;
;;;;;;;;;0.03534812547819433;0.15041322314049588;0.030423179565383145;0.8333333333333331;;;;;;;;;;;;;;;;;;;;;;;;;;;;;;;;;;;;;;;;;;;;;;;;;;;;;;;;;;;;;;;;;;;;
;;;;;;;;;0.03865030674846625;0.15169561621174524;0.030423179565383145;0.8333333333333331;;;;;;;;;;;;;;;;;;;;;;;;;;;;;;;;;;;;;;;;;;;;;;;;;;;;;;;;;;;;;;;;;;;;
;;;;;;;;;0.036630504148053585;0.14955947136563896;0.03060498220640567;0.8333333333333331;;;;;;;;;;;;;;;;;;;;;;;;;;;;;;;;;;;;;;;;;;;;;;;;;;;;;;;;;;;;;;;;;;;;
;;;;;;;;;0.036630504148053585;0.14955947136563896;0.03060498220640567;;;;;;;;;;;;;;;;;;;;;;;;;;;;;;;;;;;;;;;;;;;;;;;;;;;;;;;;;;;;;;;;;;;;;
;;;;;;;;0.0;0.28100358422939065;0.26091190792386004;0.39093078758949873;-3.017241379310345;;;;;;;;;;;;;;;;;;;;;;;;;;;;;;;;;;;;;;;;;;;;;;;;;;;;;;;;;;;;;;;;;;;;
;;;;;;;;;0.2787472035794183;0.2682970208981769;0.39435676709708267;-3.017241379310345;;;;;;;;;;;;;;;;;;;;;;;;;;;;;;;;;;;;;;;;;;;;;;;;;;;;;;;;;;;;;;;;;;;;
;;;;;;;;;0.2787472035794183;0.27425256581883084;0.3875178656503096;-3.017241379310345;;;;;;;;;;;;;;;;;;;;;;;;;;;;;;;;;;;;;;;;;;;;;;;;;;;;;;;;;;;;;;;;;;;;
;;;;;;;;;0.2794986571172784;0.2678026374277668;0.39093078758949873;-3.017241379310345;;;;;;;;;;;;;;;;;;;;;;;;;;;;;;;;;;;;;;;;;;;;;;;;;;;;;;;;;;;;;;;;;;;;
;;;;;;;;;6.937777777777775;5.701577287066288;-16.714285714285737;;;;;;;;;;;;;;;;;;;;;;;;;;;;;;;;;;;;;;;;;;;;;;;;;;;;;;;;;;;;;;;;;;;;;
;;;;;;;;0.8333333333333331;0.2256499133448873;0.20616438356164377;0.2572438162544169;-4.242424242424243;;;;;;;;;;;;;;;;;;;;;;;;;;;;;;;;;;;;;;;;;;;;;;;;;;;;;;;;;;;;;;;;;;;;
;;;;;;;;;0.2228373702422145;0.20616438356164377;0.2616474756421612;-4.242424242424243;;;;;;;;;;;;;;;;;;;;;;;;;;;;;;;;;;;;;;;;;;;;;;;;;;;;;;;;;;;;;;;;;;;;
;;;;;;;;;0.22353959324967546;0.20410431808465157;0.26238369517058036;-4.242424242424243;;;;;;;;;;;;;;;;;;;;;;;;;;;;;;;;;;;;;;;;;;;;;;;;;;;;;;;;;;;;;;;;;;;;
;;;;;;;;;0.22400807964218744;0.20547710740265296;0.26042189113438535;-4.242424242424243;;;;;;;;;;;;;;;;;;;;;;;;;;;;;;;;;;;;;;;;;;;;;;;;;;;;;;;;;;;;;;;;;;;;
;;;;;;;;;1.723196448390685;1.4685015290519878;2.3570093457943795;;;;;;;;;;;;;;;;;;;;;;;;;;;;;;;;;;;;;;;;;;;;;;;;;;;;;;;;;;;;;;;;;;;;;
;;;;;;;;4.117647058823528;0.265335108743897;0.29009009009009007;0.3573770491803278;4.117647058823528;;;;;;;;;;;;;;;;;;;;;;;;;;;;;;;;;;;;;;;;;;;;;;;;;;;;;;;;;;;;;;;;;;;;
;;;;;;;;;0.2705253784505788;0.2817570596145226;0.3573770491803278;4.117647058823528;;;;;;;;;;;;;;;;;;;;;;;;;;;;;;;;;;;;;;;;;;;;;;;;;;;;;;;;;;;;;;;;;;;;
;;;;;;;;;0.2735057983942908;0.28629213483146065;0.3590248476324426;4.117647058823528;;;;;;;;;;;;;;;;;;;;;;;;;;;;;;;;;;;;;;;;;;;;;;;;;;;;;;;;;;;;;;;;;;;;
;;;;;;;;;0.2697819314641744;0.28603954463750764;0.3579259722005312;4.117647058823528;;;;;;;;;;;;;;;;;;;;;;;;;;;;;;;;;;;;;;;;;;;;;;;;;;;;;;;;;;;;;;;;;;;;
;;;;;;;;;0.6683572216097022;0.7189759036144574;0.961728913134699;;;;;;;;;;;;;;;;;;;;;;;;;;;;;;;;;;;;;;;;;;;;;;;;;;;;;;;;;;;;;;;;;;;;;
;;;;;;;;-13.125000000000004;0.17053160318124733;0.08947995236204842;0.1276872964169381;0.8333333333333331;;;;;;;;;;;;;;;;;;;;;;;;;;;;;;;;;;;;;;;;;;;;;;;;;;;;;;;;;;;;;;;;;;;;
;;;;;;;;;0.16790639364814036;0.09244232299124899;0.1276872964169381;0.8333333333333331;;;;;;;;;;;;;;;;;;;;;;;;;;;;;;;;;;;;;;;;;;;;;;;;;;;;;;;;;;;;;;;;;;;;
;;;;;;;;;0.16790639364814036;0.09066348827969803;0.1276872964169381;0.8333333333333331;;;;;;;;;;;;;;;;;;;;;;;;;;;;;;;;;;;;;;;;;;;;;;;;;;;;;;;;;;;;;;;;;;;;
;;;;;;;;;0.1687804878048778;0.09086092715231768;0.1276872964169381;0.8333333333333331;;;;;;;;;;;;;;;;;;;;;;;;;;;;;;;;;;;;;;;;;;;;;;;;;;;;;;;;;;;;;;;;;;;;
;;;;;;;;;0.1687804878048778;0.09086092715231768;0.1276872964169381;;;;;;;;;;;;;;;;;;;;;;;;;;;;;;;;;;;;;;;;;;;;;;;;;;;;;;;;;;;;;;;;;;;;;
;;;;;;;;-4.242424242424243;0.048648648648648644;0.20547710740265296;0.046972618588507514;0.8333333333333331;;;;;;;;;;;;;;;;;;;;;;;;;;;;;;;;;;;;;;;;;;;;;;;;;;;;;;;;;;;;;;;;;;;;
;;;;;;;;;0.04920818848976438;0.20479041916167665;0.04808954071786954;0.8333333333333331;;;;;;;;;;;;;;;;;;;;;;;;;;;;;;;;;;;;;;;;;;;;;;;;;;;;;;;;;;;;;;;;;;;;
;;;;;;;;;0.04976816074188562;0.20754070265638386;0.04808954071786954;0.8333333333333331;;;;;;;;;;;;;;;;;;;;;;;;;;;;;;;;;;;;;;;;;;;;;;;;;;;;;;;;;;;;;;;;;;;;
;;;;;;;;;0.04920818848976438;0.205935226137823;0.04771704180064307;0.8333333333333331;;;;;;;;;;;;;;;;;;;;;;;;;;;;;;;;;;;;;;;;;;;;;;;;;;;;;;;;;;;;;;;;;;;;
;;;;;;;;;0.04920818848976438;0.205935226137823;0.04771704180064307;;;;;;;;;;;;;;;;;;;;;;;;;;;;;;;;;;;;;;;;;;;;;;;;;;;;;;;;;;;;;;;;;;;;;
;;;;;;;;0.0;0.18112094395280232;0.21306964746345655;0.3211009174311926;-1.9125683060109289;;;;;;;;;;;;;;;;;;;;;;;;;;;;;;;;;;;;;;;;;;;;;;;;;;;;;;;;;;;;;;;;;;;;
;;;;;;;;;0.18178752107925797;0.2172413793103448;0.3179487179487179;-1.9125683060109289;;;;;;;;;;;;;;;;;;;;;;;;;;;;;;;;;;;;;;;;;;;;;;;;;;;;;;;;;;;;;;;;;;;;
;;;;;;;;;0.1844594594594594;0.21237645036527714;0.3140246687985381;-1.9125683060109289;;;;;;;;;;;;;;;;;;;;;;;;;;;;;;;;;;;;;;;;;;;;;;;;;;;;;;;;;;;;;;;;;;;;
;;;;;;;;;0.18245466048080977;0.2142263014484442;0.3176865557759807;-1.9125683060109289;;;;;;;;;;;;;;;;;;;;;;;;;;;;;;;;;;;;;;;;;;;;;;;;;;;;;;;;;;;;;;;;;;;;
;;;;;;;;;-10.551219512195129;-5.679847908745231;-3.0480234260614916;;;;;;;;;;;;;;;;;;;;;;;;;;;;;;;;;;;;;;;;;;;;;;;;;;;;;;;;;;;;;;;;;;;;;
;;;;;;;;0.8333333333333331;0.29850611136260746;0.2962025316455696;0.33543015726179465;-3.017241379310345;;;;;;;;;;;;;;;;;;;;;;;;;;;;;;;;;;;;;;;;;;;;;;;;;;;;;;;;;;;;;;;;;;;;
;;;;;;;;;0.300045310376076;0.29850611136260746;0.3346278317152103;-3.017241379310345;;;;;;;;;;;;;;;;;;;;;;;;;;;;;;;;;;;;;;;;;;;;;;;;;;;;;;;;;;;;;;;;;;;;
;;;;;;;;;0.29850611136260746;0.3046796910495229;0.3346278317152103;-3.017241379310345;;;;;;;;;;;;;;;;;;;;;;;;;;;;;;;;;;;;;;;;;;;;;;;;;;;;;;;;;;;;;;;;;;;;
;;;;;;;;;0.29901886792452853;0.29978858350951393;0.33489519112207117;-3.017241379310345;;;;;;;;;;;;;;;;;;;;;;;;;;;;;;;;;;;;;;;;;;;;;;;;;;;;;;;;;;;;;;;;;;;;
;;;;;;;;;10.26424870466308;10.448421052631454;38.80000000000137;;;;;;;;;;;;;;;;;;;;;;;;;;;;;;;;;;;;;;;;;;;;;;;;;;;;;;;;;;;;;;;;;;;;;
;;;;;;;;4.117647058823528;0.21237645036527714;0.2420131291028446;0.26681474900044416;-4.242424242424243;;;;;;;;;;;;;;;;;;;;;;;;;;;;;;;;;;;;;;;;;;;;;;;;;;;;;;;;;;;;;;;;;;;;
;;;;;;;;;0.21237645036527714;0.24778216952129994;0.265335108743897;-4.242424242424243;;;;;;;;;;;;;;;;;;;;;;;;;;;;;;;;;;;;;;;;;;;;;;;;;;;;;;;;;;;;;;;;;;;;
;;;;;;;;;0.21584840654608095;0.24129483814523184;0.2660746003552397;-4.242424242424243;;;;;;;;;;;;;;;;;;;;;;;;;;;;;;;;;;;;;;;;;;;;;;;;;;;;;;;;;;;;;;;;;;;;
;;;;;;;;;0.21353211009174333;0.24369158878504646;0.2660746003552397;-4.242424242424243;;;;;;;;;;;;;;;;;;;;;;;;;;;;;;;;;;;;;;;;;;;;;;;;;;;;;;;;;;;;;;;;;;;;
;;;;;;;;;1.5746300211416568;2.0400977995109915;2.476033057851239;;;;;;;;;;;;;;;;;;;;;;;;;;;;;;;;;;;;;;;;;;;;;;;;;;;;;;;;;;;;;;;;;;;;;
;;;;;;;;-13.125000000000004;0.23842794759825325;0.14276315789473681;0.18646934460887946;0.8333333333333331;;;;;;;;;;;;;;;;;;;;;;;;;;;;;;;;;;;;;;;;;;;;;;;;;;;;;;;;;;;;;;;;;;;;
;;;;;;;;;0.2369982547993019;0.14149548069022183;0.1878121032585696;0.8333333333333331;;;;;;;;;;;;;;;;;;;;;;;;;;;;;;;;;;;;;;;;;;;;;;;;;;;;;;;;;;;;;;;;;;;;
;;;;;;;;;0.2377127891750327;0.14594149155335803;0.18512885509083227;0.8333333333333331;;;;;;;;;;;;;;;;;;;;;;;;;;;;;;;;;;;;;;;;;;;;;;;;;;;;;;;;;;;;;;;;;;;;
;;;;;;;;;0.2377127891750327;0.14339777869189632;0.18646934460887946;0.8333333333333331;;;;;;;;;;;;;;;;;;;;;;;;;;;;;;;;;;;;;;;;;;;;;;;;;;;;;;;;;;;;;;;;;;;;
;;;;;;;;;0.2377127891750327;0.14339777869189632;0.18646934460887946;;;;;;;;;;;;;;;;;;;;;;;;;;;;;;;;;;;;;;;;;;;;;;;;;;;;;;;;;;;;;;;;;;;;;
;;;;;;;;-4.242424242424243;0.05088940448569218;0.28025078369905954;0.05032856590645534;0.8333333333333331;;;;;;;;;;;;;;;;;;;;;;;;;;;;;;;;;;;;;;;;;;;;;;;;;;;;;;;;;;;;;;;;;;;;
;;;;;;;;;0.04920818848976438;0.28100358422939065;0.04920818848976438;0.8333333333333331;;;;;;;;;;;;;;;;;;;;;;;;;;;;;;;;;;;;;;;;;;;;;;;;;;;;;;;;;;;;;;;;;;;;
;;;;;;;;;0.05257452574525745;0.2794986571172784;0.048648648648648644;0.8333333333333331;;;;;;;;;;;;;;;;;;;;;;;;;;;;;;;;;;;;;;;;;;;;;;;;;;;;;;;;;;;;;;;;;;;;
;;;;;;;;;0.05088940448569218;0.28025078369905954;0.04939479783672416;0.8333333333333331;;;;;;;;;;;;;;;;;;;;;;;;;;;;;;;;;;;;;;;;;;;;;;;;;;;;;;;;;;;;;;;;;;;;
;;;;;;;;;0.05088940448569218;0.28025078369905954;0.04939479783672416;;;;;;;;;;;;;;;;;;;;;;;;;;;;;;;;;;;;;;;;;;;;;;;;;;;;;;;;;;;;;;;;;;;;;
;;;;;;;;0.0;0.14339777869189632;0.17647058823529407;0.22073434125269975;-1.6166281755196306;;;;;;;;;;;;;;;;;;;;;;;;;;;;;;;;;;;;;;;;;;;;;;;;;;;;;;;;;;;;;;;;;;;;
;;;;;;;;;0.14594149155335803;0.17713324926439677;0.2228373702422145;-1.6166281755196306;;;;;;;;;;;;;;;;;;;;;;;;;;;;;;;;;;;;;;;;;;;;;;;;;;;;;;;;;;;;;;;;;;;;
;;;;;;;;;0.14594149155335803;0.1731656184486373;0.2256499133448873;-1.6166281755196306;;;;;;;;;;;;;;;;;;;;;;;;;;;;;;;;;;;;;;;;;;;;;;;;;;;;;;;;;;;;;;;;;;;;
;;;;;;;;;0.1450926561427593;0.1755879059350506;0.2230713770728188;-1.6166281755196306;;;;;;;;;;;;;;;;;;;;;;;;;;;;;;;;;;;;;;;;;;;;;;;;;;;;;;;;;;;;;;;;;;;;
;;;;;;;;;-2.994334277620399;-2.53927125506073;-2.200568990042674;;;;;;;;;;;;;;;;;;;;;;;;;;;;;;;;;;;;;;;;;;;;;;;;;;;;;;;;;;;;;;;;;;;;;
;;;;;;;;0.8333333333333331;0.21030042918454933;0.2284722222222222;0.2263545730385782;-1.9125683060109289;;;;;;;;;;;;;;;;;;;;;;;;;;;;;;;;;;;;;;;;;;;;;;;;;;;;;;;;;;;;;;;;;;;;
;;;;;;;;;0.2089193825042881;0.22353959324967546;0.23059539330725767;-1.9125683060109289;;;;;;;;;;;;;;;;;;;;;;;;;;;;;;;;;;;;;;;;;;;;;;;;;;;;;;;;;;;;;;;;;;;;
;;;;;;;;;0.20685224839400426;0.22494586401039407;0.22776572668112793;-1.9125683060109289;;;;;;;;;;;;;;;;;;;;;;;;;;;;;;;;;;;;;;;;;;;;;;;;;;;;;;;;;;;;;;;;;;;;
;;;;;;;;;0.20868943833071338;0.2256499133448873;0.22823665557645034;-1.9125683060109289;;;;;;;;;;;;;;;;;;;;;;;;;;;;;;;;;;;;;;;;;;;;;;;;;;;;;;;;;;;;;;;;;;;;
;;;;;;;;;-6.109623430962324;-5.007692307692308;-4.884829721362219;;;;;;;;;;;;;;;;;;;;;;;;;;;;;;;;;;;;;;;;;;;;;;;;;;;;;;;;;;;;;;;;;;;;;
;;;;;;;;4.117647058823528;0.24489259096887328;0.25944272445820427;0.31167883211678826;-3.017241379310345;;;;;;;;;;;;;;;;;;;;;;;;;;;;;;;;;;;;;;;;;;;;;;;;;;;;;;;;;;;;;;;;;;;;
;;;;;;;;;0.24489259096887328;0.25944272445820427;0.31089831281349745;-3.017241379310345;;;;;;;;;;;;;;;;;;;;;;;;;;;;;;;;;;;;;;;;;;;;;;;;;;;;;;;;;;;;;;;;;;;;
;;;;;;;;;0.24489259096887328;0.26017699115044246;0.3093394077448747;-3.017241379310345;;;;;;;;;;;;;;;;;;;;;;;;;;;;;;;;;;;;;;;;;;;;;;;;;;;;;;;;;;;;;;;;;;;;
;;;;;;;;;0.24489259096887328;0.25968740784429345;0.31063829787234065;-3.017241379310345;;;;;;;;;;;;;;;;;;;;;;;;;;;;;;;;;;;;;;;;;;;;;;;;;;;;;;;;;;;;;;;;;;;;
;;;;;;;;;4.077372262773722;5.032000000000032;13.810810810810597;;;;;;;;;;;;;;;;;;;;;;;;;;;;;;;;;;;;;;;;;;;;;;;;;;;;;;;;;;;;;;;;;;;;;
;;;;;;;;-13.125000000000004;0.09541650059784773;0.07079576636613091;0.09184890656063617;-4.242424242424243;;;;;;;;;;;;;;;;;;;;;;;;;;;;;;;;;;;;;;;;;;;;;;;;;;;;;;;;;;;;;;;;;;;;
;;;;;;;;;0.09840255591054313;0.06734454438795462;0.09363057324840764;-4.242424242424243;;;;;;;;;;;;;;;;;;;;;;;;;;;;;;;;;;;;;;;;;;;;;;;;;;;;;;;;;;;;;;;;;;;;
;;;;;;;;;0.09660949341842838;0.07021943573667712;0.09541650059784773;-4.242424242424243;;;;;;;;;;;;;;;;;;;;;;;;;;;;;;;;;;;;;;;;;;;;;;;;;;;;;;;;;;;;;;;;;;;;
;;;;;;;;;0.09680851063829767;0.06945169712793753;0.09363057324840764;-4.242424242424243;;;;;;;;;;;;;;;;;;;;;;;;;;;;;;;;;;;;;;;;;;;;;;;;;;;;;;;;;;;;;;;;;;;;
;;;;;;;;;0.48859060402684523;0.3263803680981598;0.4685258964143426;;;;;;;;;;;;;;;;;;;;;;;;;;;;;;;;;;;;;;;;;;;;;;;;;;;;;;;;;;;;;;;;;;;;;
;;;;;;;;-4.242424242424243;0.07137254901960784;0.3681432610744581;0.07310561444837063;0.8333333333333331;;;;;;;;;;;;;;;;;;;;;;;;;;;;;;;;;;;;;;;;;;;;;;;;;;;;;;;;;;;;;;;;;;;;
;;;;;;;;;0.07021943573667712;0.3598499061913696;0.07368421052631578;0.8333333333333331;;;;;;;;;;;;;;;;;;;;;;;;;;;;;;;;;;;;;;;;;;;;;;;;;;;;;;;;;;;;;;;;;;;;
;;;;;;;;;0.07310561444837063;0.36564705882352944;0.07137254901960784;0.8333333333333331;;;;;;;;;;;;;;;;;;;;;;;;;;;;;;;;;;;;;;;;;;;;;;;;;;;;;;;;;;;;;;;;;;;;
;;;;;;;;;0.07156491044580972;0.36453989653550734;0.07272013607222275;0.8333333333333331;;;;;;;;;;;;;;;;;;;;;;;;;;;;;;;;;;;;;;;;;;;;;;;;;;;;;;;;;;;;;;;;;;;;
;;;;;;;;;0.07156491044580972;0.36453989653550734;0.07272013607222275;;;;;;;;;;;;;;;;;;;;;;;;;;;;;;;;;;;;;;;;;;;;;;;;;;;;;;;;;;;;;;;;;;;;;
;;;;;;;;0.0;0.3582005623242736;0.39093078758949873;0.3883698760724498;-1.6166281755196306;;;;;;;;;;;;;;;;;;;;;;;;;;;;;;;;;;;;;;;;;;;;;;;;;;;;;;;;;;;;;;;;;;;;
;;;;;;;;;0.3598499061913696;0.39093078758949873;0.39178605539637046;-1.6166281755196306;;;;;;;;;;;;;;;;;;;;;;;;;;;;;;;;;;;;;;;;;;;;;;;;;;;;;;;;;;;;;;;;;;;;
;;;;;;;;;0.3639868359191349;0.3883698760724498;0.3866666666666666;-1.6166281755196306;;;;;;;;;;;;;;;;;;;;;;;;;;;;;;;;;;;;;;;;;;;;;;;;;;;;;;;;;;;;;;;;;;;;
;;;;;;;;;0.3606757390896293;0.3900763358778625;0.38893833439288006;-1.6166281755196306;;;;;;;;;;;;;;;;;;;;;;;;;;;;;;;;;;;;;;;;;;;;;;;;;;;;;;;;;;;;;;;;;;;;
;;;;;;;;;-1.8520481927710841;-1.816888888888889;-1.818127786032691;;;;;;;;;;;;;;;;;;;;;;;;;;;;;;;;;;;;;;;;;;;;;;;;;;;;;;;;;;;;;;;;;;;;;
;;;;;;;;0.8333333333333331;0.22143474503025062;0.2256499133448873;0.22073434125269975;-1.6166281755196306;;;;;;;;;;;;;;;;;;;;;;;;;;;;;;;;;;;;;;;;;;;;;;;;;;;;;;;;;;;;;;;;;;;;
;;;;;;;;;0.22143474503025062;0.2313043478260869;0.2172413793103448;-1.6166281755196306;;;;;;;;;;;;;;;;;;;;;;;;;;;;;;;;;;;;;;;;;;;;;;;;;;;;;;;;;;;;;;;;;;;;
;;;;;;;;;0.21654459284791033;0.2263545730385782;0.2172413793103448;-1.6166281755196306;;;;;;;;;;;;;;;;;;;;;;;;;;;;;;;;;;;;;;;;;;;;;;;;;;;;;;;;;;;;;;;;;;;;
;;;;;;;;;0.2198014102748599;0.22776572668112793;0.21840402588066163;-1.6166281755196306;;;;;;;;;;;;;;;;;;;;;;;;;;;;;;;;;;;;;;;;;;;;;;;;;;;;;;;;;;;;;;;;;;;;
;;;;;;;;;-2.216835994194485;-2.1784232365145226;-2.2240117130307477;;;;;;;;;;;;;;;;;;;;;;;;;;;;;;;;;;;;;;;;;;;;;;;;;;;;;;;;;;;;;;;;;;;;;
;;;;;;;;4.117647058823528;0.5036022323693556;0.5123343527013251;0.49112903225806437;-3.017241379310345;;;;;;;;;;;;;;;;;;;;;;;;;;;;;;;;;;;;;;;;;;;;;;;;;;;;;;;;;;;;;;;;;;;;
;;;;;;;;;0.4997468354430379;0.5055358049771456;0.49590702374936824;-3.017241379310345;;;;;;;;;;;;;;;;;;;;;;;;;;;;;;;;;;;;;;;;;;;;;;;;;;;;;;;;;;;;;;;;;;;;
;;;;;;;;;0.5074733096085409;0.510386965376782;0.496865520728008;-3.017241379310345;;;;;;;;;;;;;;;;;;;;;;;;;;;;;;;;;;;;;;;;;;;;;;;;;;;;;;;;;;;;;;;;;;;;
;;;;;;;;;0.5036022323693556;0.5094147582697199;0.49463053358020553;-3.017241379310345;;;;;;;;;;;;;;;;;;;;;;;;;;;;;;;;;;;;;;;;;;;;;;;;;;;;;;;;;;;;;;;;;;;;
;;;;;;;;;-5.7375722543352605;-5.592178770949721;-5.984928716904297;;;;;;;;;;;;;;;;;;;;;;;;;;;;;;;;;;;;;;;;;;;;;;;;;;;;;;;;;;;;;;;;;;;;;
;;;;;;;;-13.125000000000004;0.22917933130699086;0.19320594479830147;0.2034188034188034;-3.017241379310345;;;;;;;;;;;;;;;;;;;;;;;;;;;;;;;;;;;;;;;;;;;;;;;;;;;;;;;;;;;;;;;;;;;;
;;;;;;;;;0.22917933130699086;0.19591663122075714;0.2034188034188034;-3.017241379310345;;;;;;;;;;;;;;;;;;;;;;;;;;;;;;;;;;;;;;;;;;;;;;;;;;;;;;;;;;;;;;;;;;;;
;;;;;;;;;0.2256499133448873;0.19320594479830147;0.20410431808465157;-3.017241379310345;;;;;;;;;;;;;;;;;;;;;;;;;;;;;;;;;;;;;;;;;;;;;;;;;;;;;;;;;;;;;;;;;;;;
;;;;;;;;;0.22800115707260604;0.1941084832176743;0.20364724319703637;-3.017241379310345;;;;;;;;;;;;;;;;;;;;;;;;;;;;;;;;;;;;;;;;;;;;;;;;;;;;;;;;;;;;;;;;;;;;
;;;;;;;;;3.270539419087156;2.179014308426084;2.4350936967632153;;;;;;;;;;;;;;;;;;;;;;;;;;;;;;;;;;;;;;;;;;;;;;;;;;;;;;;;;;;;;;;;;;;;;
;;;;;;;;-4.242424242424243;0.06677091477716965;0.14403292181069957;0.07252747252747252;-4.242424242424243;;;;;;;;;;;;;;;;;;;;;;;;;;;;;;;;;;;;;;;;;;;;;;;;;;;;;;;;;;;;;;;;;;;;
;;;;;;;;;0.0684931506849315;0.14339777869189632;0.0748427672955975;-4.242424242424243;;;;;;;;;;;;;;;;;;;;;;;;;;;;;;;;;;;;;;;;;;;;;;;;;;;;;;;;;;;;;;;;;;;;
;;;;;;;;;0.07021943573667712;0.14403292181069957;0.07658402203856748;-4.242424242424243;;;;;;;;;;;;;;;;;;;;;;;;;;;;;;;;;;;;;;;;;;;;;;;;;;;;;;;;;;;;;;;;;;;;
;;;;;;;;;0.0684931506849315;0.14382114936222762;0.07464954801519735;-4.242424242424243;;;;;;;;;;;;;;;;;;;;;;;;;;;;;;;;;;;;;;;;;;;;;;;;;;;;;;;;;;;;;;;;;;;;
;;;;;;;;;0.3211009174311926;0.8315622521808091;0.355458515283843;;;;;;;;;;;;;;;;;;;;;;;;;;;;;;;;;;;;;;;;;;;;;;;;;;;;;;;;;;;;;;;;;;;;;
;;;;;;;;0.0;0.3807308970099667;0.4293515358361774;0.4187106156083373;-1.6166281755196306;;;;;;;;;;;;;;;;;;;;;;;;;;;;;;;;;;;;;;;;;;;;;;;;;;;;;;;;;;;;;;;;;;;;
;;;;;;;;;0.38411792677127904;0.43203125;0.41343644272595453;-1.6166281755196306;;;;;;;;;;;;;;;;;;;;;;;;;;;;;;;;;;;;;;;;;;;;;;;;;;;;;;;;;;;;;;;;;;;;
;;;;;;;;;0.38326996197718627;0.4383145516903478;0.40732177263969166;-1.6166281755196306;;;;;;;;;;;;;;;;;;;;;;;;;;;;;;;;;;;;;;;;;;;;;;;;;;;;;;;;;;;;;;;;;;;;
;;;;;;;;;0.3827050997782702;0.4332247557003253;0.41314432989690747;-1.6166281755196306;;;;;;;;;;;;;;;;;;;;;;;;;;;;;;;;;;;;;;;;;;;;;;;;;;;;;;;;;;;;;;;;;;;;
;;;;;;;;;-1.8250755287009046;-1.7757009345794377;-1.7935664335664347;;;;;;;;;;;;;;;;;;;;;;;;;;;;;;;;;;;;;;;;;;;;;;;;;;;;;;;;;;;;;;;;;;;;;
;;;;;;;;0.8333333333333331;0.22776572668112793;0.23272410791993034;0.2362843436546009;-1.6166281755196306;;;;;;;;;;;;;;;;;;;;;;;;;;;;;;;;;;;;;;;;;;;;;;;;;;;;;;;;;;;;;;;;;;;;
;;;;;;;;;0.2284722222222222;0.23557105492589364;0.2377127891750327;-1.6166281755196306;;;;;;;;;;;;;;;;;;;;;;;;;;;;;;;;;;;;;;;;;;;;;;;;;;;;;;;;;;;;;;;;;;;;
;;;;;;;;;0.23201391909525876;0.23557105492589364;0.23343491510666084;-1.6166281755196306;;;;;;;;;;;;;;;;;;;;;;;;;;;;;;;;;;;;;;;;;;;;;;;;;;;;;;;;;;;;;;;;;;;;
;;;;;;;;;0.22941517081644447;0.23462097008422905;0.23580874872838223;-1.6166281755196306;;;;;;;;;;;;;;;;;;;;;;;;;;;;;;;;;;;;;;;;;;;;;;;;;;;;;;;;;;;;;;;;;;;;
;;;;;;;;;-2.1709589041095883;-2.148404255319149;-2.1434610303830905;;;;;;;;;;;;;;;;;;;;;;;;;;;;;;;;;;;;;;;;;;;;;;;;;;;;;;;;;;;;;;;;;;;;;
;;;;;;;;4.117647058823528;0.2377127891750327;0.24129483814523184;0.22705984388551603;-1.9125683060109289;;;;;;;;;;;;;;;;;;;;;;;;;;;;;;;;;;;;;;;;;;;;;;;;;;;;;;;;;;;;;;;;;;;;
;;;;;;;;;0.2369982547993019;0.23842794759825325;0.22776572668112793;-1.9125683060109289;;;;;;;;;;;;;;;;;;;;;;;;;;;;;;;;;;;;;;;;;;;;;;;;;;;;;;;;;;;;;;;;;;;;
;;;;;;;;;0.23201391909525876;0.23914373088685015;0.2256499133448873;-1.9125683060109289;;;;;;;;;;;;;;;;;;;;;;;;;;;;;;;;;;;;;;;;;;;;;;;;;;;;;;;;;;;;;;;;;;;;
;;;;;;;;;0.23557105492589364;0.23962126729788805;0.22682468564821526;-1.9125683060109289;;;;;;;;;;;;;;;;;;;;;;;;;;;;;;;;;;;;;;;;;;;;;;;;;;;;;;;;;;;;;;;;;;;;
;;;;;;;;;-4.579661016949154;-4.433962264150935;-4.950788643533112;;;;;;;;;;;;;;;;;;;;;;;;;;;;;;;;;;;;;;;;;;;;;;;;;;;;;;;;;;;;;;;;;;;;;
;;;;;;;;-13.125000000000004;0.24489259096887328;0.2082297471067295;0.22073434125269975;-3.017241379310345;;;;;;;;;;;;;;;;;;;;;;;;;;;;;;;;;;;;;;;;;;;;;;;;;;;;;;;;;;;;;;;;;;;;
;;;;;;;;;0.24923076923076917;0.20547710740265296;0.22073434125269975;-3.017241379310345;;;;;;;;;;;;;;;;;;;;;;;;;;;;;;;;;;;;;;;;;;;;;;;;;;;;;;;;;;;;;;;;;;;;
;;;;;;;;;0.24850615114235497;0.2082297471067295;0.22073434125269975;-3.017241379310345;;;;;;;;;;;;;;;;;;;;;;;;;;;;;;;;;;;;;;;;;;;;;;;;;;;;;;;;;;;;;;;;;;;;
;;;;;;;;;0.2475409836065576;0.20731115236327308;0.22073434125269975;-3.017241379310345;;;;;;;;;;;;;;;;;;;;;;;;;;;;;;;;;;;;;;;;;;;;;;;;;;;;;;;;;;;;;;;;;;;;
;;;;;;;;;4.227999999999971;2.5425569176882514;2.9883040935672502;;;;;;;;;;;;;;;;;;;;;;;;;;;;;;;;;;;;;;;;;;;;;;;;;;;;;;;;;;;;;;;;;;;;;
;;;;;;;;-4.242424242424243;0.09900119856172591;0.1529801324503311;0.0960127591706539;-4.242424242424243;;;;;;;;;;;;;;;;;;;;;;;;;;;;;;;;;;;;;;;;;;;;;;;;;;;;;;;;;;;;;;;;;;;;
;;;;;;;;;0.09900119856172591;0.15555555555555556;0.0948207171314741;-4.242424242424243;;;;;;;;;;;;;;;;;;;;;;;;;;;;;;;;;;;;;;;;;;;;;;;;;;;;;;;;;;;;;;;;;;;;
;;;;;;;;;0.09900119856172591;0.1562007465781833;0.09660949341842838;-4.242424242424243;;;;;;;;;;;;;;;;;;;;;;;;;;;;;;;;;;;;;;;;;;;;;;;;;;;;;;;;;;;;;;;;;;;;
;;;;;;;;;0.09900119856172591;0.1549108992954828;0.09581395348837228;-4.242424242424243;;;;;;;;;;;;;;;;;;;;;;;;;;;;;;;;;;;;;;;;;;;;;;;;;;;;;;;;;;;;;;;;;;;;
;;;;;;;;;0.5026369168356997;0.9275434243176178;0.482274247491639;;;;;;;;;;;;;;;;;;;;;;;;;;;;;;;;;;;;;;;;;;;;;;;;;;;;;;;;;;;;;;;;;;;;;
;;;;;;;;0.0;0.4116851762433606;0.45558852621167156;0.3934990439770554;-1.6166281755196306;;;;;;;;;;;;;;;;;;;;;;;;;;;;;;;;;;;;;;;;;;;;;;;;;;;;;;;;;;;;;;;;;;;;
;;;;;;;;;0.40471380471380464;0.458345715700842;0.3866666666666666;-1.6166281755196306;;;;;;;;;;;;;;;;;;;;;;;;;;;;;;;;;;;;;;;;;;;;;;;;;;;;;;;;;;;;;;;;;;;;
;;;;;;;;;0.4195926285160038;0.4574257425742574;0.3934990439770554;-1.6166281755196306;;;;;;;;;;;;;;;;;;;;;;;;;;;;;;;;;;;;;;;;;;;;;;;;;;;;;;;;;;;;;;;;;;;;
;;;;;;;;;0.4119768190598837;0.45711928724632916;0.39121578612348795;-1.6166281755196306;;;;;;;;;;;;;;;;;;;;;;;;;;;;;;;;;;;;;;;;;;;;;;;;;;;;;;;;;;;;;;;;;;;;
;;;;;;;;;-1.7946704067321162;-1.7568801521876989;-1.8156573116691266;;;;;;;;;;;;;;;;;;;;;;;;;;;;;;;;;;;;;;;;;;;;;;;;;;;;;;;;;;;;;;;;;;;;;
;;;;;;;;0.8333333333333331;0.24705882352941175;0.25651214128035316;0.23272410791993034;-1.6166281755196306;;;;;;;;;;;;;;;;;;;;;;;;;;;;;;;;;;;;;;;;;;;;;;;;;;;;;;;;;;;;;;;;;;;;
;;;;;;;;;0.2441717791411043;0.25578111209179166;0.23059539330725767;-1.6166281755196306;;;;;;;;;;;;;;;;;;;;;;;;;;;;;;;;;;;;;;;;;;;;;;;;;;;;;;;;;;;;;;;;;;;;
;;;;;;;;;0.24778216952129994;0.2514084507042253;0.2362843436546009;-1.6166281755196306;;;;;;;;;;;;;;;;;;;;;;;;;;;;;;;;;;;;;;;;;;;;;;;;;;;;;;;;;;;;;;;;;;;;
;;;;;;;;;0.2463361123299693;0.2545641628693221;0.23319791062101008;-1.6166281755196306;;;;;;;;;;;;;;;;;;;;;;;;;;;;;;;;;;;;;;;;;;;;;;;;;;;;;;;;;;;;;;;;;;;;
;;;;;;;;;-2.1026217228464414;-2.0740119760479034;-2.1544235924932984;;;;;;;;;;;;;;;;;;;;;;;;;;;;;;;;;;;;;;;;;;;;;;;;;;;;;;;;;;;;;;;;;;;;;
;;;;;;;;4.117647058823528;0.22917933130699086;0.24923076923076917;0.23557105492589364;-1.9125683060109289;;;;;;;;;;;;;;;;;;;;;;;;;;;;;;;;;;;;;;;;;;;;;;;;;;;;;;;;;;;;;;;;;;;;
;;;;;;;;;0.22705984388551603;0.24923076923076917;0.23557105492589364;-1.9125683060109289;;;;;;;;;;;;;;;;;;;;;;;;;;;;;;;;;;;;;;;;;;;;;;;;;;;;;;;;;;;;;;;;;;;;
;;;;;;;;;0.2313043478260869;0.24778216952129994;0.23272410791993034;-1.9125683060109289;;;;;;;;;;;;;;;;;;;;;;;;;;;;;;;;;;;;;;;;;;;;;;;;;;;;;;;;;;;;;;;;;;;;
;;;;;;;;;0.22917933130699086;0.24874761974512938;0.23462097008422905;-1.9125683060109289;;;;;;;;;;;;;;;;;;;;;;;;;;;;;;;;;;;;;;;;;;;;;;;;;;;;;;;;;;;;;;;;;;;;
;;;;;;;;;-4.842201834862386;-4.152078239608809;-4.615999999999992;;;;;;;;;;;;;;;;;;;;;;;;;;;;;;;;;;;;;;;;;;;;;;;;;;;;;;;;;;;;;;;;;;;;;
;;;;;;;;-13.125000000000004;0.2616474756421612;0.2228373702422145;0.23557105492589364;-3.017241379310345;;;;;;;;;;;;;;;;;;;;;;;;;;;;;;;;;;;;;;;;;;;;;;;;;;;;;;;;;;;;;;;;;;;;
;;;;;;;;;0.2616474756421612;0.22494586401039407;0.23842794759825325;-3.017241379310345;;;;;;;;;;;;;;;;;;;;;;;;;;;;;;;;;;;;;;;;;;;;;;;;;;;;;;;;;;;;;;;;;;;;
;;;;;;;;;0.2690391459074733;0.22705984388551603;0.23914373088685015;-3.017241379310345;;;;;;;;;;;;;;;;;;;;;;;;;;;;;;;;;;;;;;;;;;;;;;;;;;;;;;;;;;;;;;;;;;;;
;;;;;;;;;0.26410408042578326;0.22494586401039407;0.2377127891750327;-3.017241379310345;;;;;;;;;;;;;;;;;;;;;;;;;;;;;;;;;;;;;;;;;;;;;;;;;;;;;;;;;;;;;;;;;;;;
;;;;;;;;;5.380722891566305;3.147878787878787;3.704761904761904;;;;;;;;;;;;;;;;;;;;;;;;;;;;;;;;;;;;;;;;;;;;;;;;;;;;;;;;;;;;;;;;;;;;;
;;;;;;;;-4.242424242424243;0.11657235246564267;0.15878687162442875;0.12210953346855982;-4.242424242424243;;;;;;;;;;;;;;;;;;;;;;;;;;;;;;;;;;;;;;;;;;;;;;;;;;;;;;;;;;;;;;;;;;;;
;;;;;;;;;0.11841359773371103;0.1620316402997502;0.12149229521492293;-4.242424242424243;;;;;;;;;;;;;;;;;;;;;;;;;;;;;;;;;;;;;;;;;;;;;;;;;;;;;;;;;;;;;;;;;;;;
;;;;;;;;;0.11657235246564267;0.1594347464671654;0.12210953346855982;-4.242424242424243;;;;;;;;;;;;;;;;;;;;;;;;;;;;;;;;;;;;;;;;;;;;;;;;;;;;;;;;;;;;;;;;;;;;
;;;;;;;;;0.11718560452891222;0.16008316008316006;0.1219037317468904;-4.242424242424243;;;;;;;;;;;;;;;;;;;;;;;;;;;;;;;;;;;;;;;;;;;;;;;;;;;;;;;;;;;;;;;;;;;;
;;;;;;;;;0.6259179265658745;0.9746835443037974;0.6600292825768671;;;;;;;;;;;;;;;;;;;;;;;;;;;;;;;;;;;;;;;;;;;;;;;;;;;;;;;;;;;;;;;;;;;;;
;;;;;;;;0.0;0.38496669838249276;0.4383145516903478;0.40732177263969166;-1.6166281755196306;;;;;;;;;;;;;;;;;;;;;;;;;;;;;;;;;;;;;;;;;;;;;;;;;;;;;;;;;;;;;;;;;;;;
;;;;;;;;;0.3883698760724498;0.44102060843964663;0.40471380471380464;-1.6166281755196306;;;;;;;;;;;;;;;;;;;;;;;;;;;;;;;;;;;;;;;;;;;;;;;;;;;;;;;;;;;;;;;;;;;;
;;;;;;;;;0.3900763358778625;0.4401177047572339;0.4038461538461538;-1.6166281755196306;;;;;;;;;;;;;;;;;;;;;;;;;;;;;;;;;;;;;;;;;;;;;;;;;;;;;;;;;;;;;;;;;;;;
;;;;;;;;;0.3878017789072423;0.43981693363844426;0.4052927024859666;-1.6166281755196306;;;;;;;;;;;;;;;;;;;;;;;;;;;;;;;;;;;;;;;;;;;;;;;;;;;;;;;;;;;;;;;;;;;;
;;;;;;;;;-1.8193740685543949;-1.7702631578947379;-1.8011404133998588;;;;;;;;;;;;;;;;;;;;;;;;;;;;;;;;;;;;;;;;;;;;;;;;;;;;;;;;;;;;;;;;;;;;;
;;;;;;;;0.8333333333333331;0.258709106984969;0.26312056737588646;0.2313043478260869;-1.6166281755196306;;;;;;;;;;;;;;;;;;;;;;;;;;;;;;;;;;;;;;;;;;;;;;;;;;;;;;;;;;;;;;;;;;;;
;;;;;;;;;0.25651214128035316;0.26312056737588646;0.2263545730385782;-1.6166281755196306;;;;;;;;;;;;;;;;;;;;;;;;;;;;;;;;;;;;;;;;;;;;;;;;;;;;;;;;;;;;;;;;;;;;
;;;;;;;;;0.25432098765432093;0.26312056737588646;0.2284722222222222;-1.6166281755196306;;;;;;;;;;;;;;;;;;;;;;;;;;;;;;;;;;;;;;;;;;;;;;;;;;;;;;;;;;;;;;;;;;;;
;;;;;;;;;0.25651214128035316;0.26312056737588646;0.228707857039502;-1.6166281755196306;;;;;;;;;;;;;;;;;;;;;;;;;;;;;;;;;;;;;;;;;;;;;;;;;;;;;;;;;;;;;;;;;;;;
;;;;;;;;;-2.067615658362989;-2.0468965517241378;-2.17414030261348;;;;;;;;;;;;;;;;;;;;;;;;;;;;;;;;;;;;;;;;;;;;;;;;;;;;;;;;;;;;;;;;;;;;;
;;;;;;;;4.117647058823528;0.2579761378700839;0.26017699115044246;0.24705882352941175;-1.9125683060109289;;;;;;;;;;;;;;;;;;;;;;;;;;;;;;;;;;;;;;;;;;;;;;;;;;;;;;;;;;;;;;;;;;;;
;;;;;;;;;0.26017699115044246;0.26091190792386004;0.24850615114235497;-1.9125683060109289;;;;;;;;;;;;;;;;;;;;;;;;;;;;;;;;;;;;;;;;;;;;;;;;;;;;;;;;;;;;;;;;;;;;
;;;;;;;;;0.25944272445820427;0.2579761378700839;0.24778216952129994;-1.9125683060109289;;;;;;;;;;;;;;;;;;;;;;;;;;;;;;;;;;;;;;;;;;;;;;;;;;;;;;;;;;;;;;;;;;;;
;;;;;;;;;0.25919811320754743;0.25968740784429345;0.24778216952129994;-1.9125683060109289;;;;;;;;;;;;;;;;;;;;;;;;;;;;;;;;;;;;;;;;;;;;;;;;;;;;;;;;;;;;;;;;;;;;
;;;;;;;;;-3.8902654867256583;-3.879295154185028;-4.1792592592592595;;;;;;;;;;;;;;;;;;;;;;;;;;;;;;;;;;;;;;;;;;;;;;;;;;;;;;;;;;;;;;;;;;;;;
;;;;;;;;-13.125000000000004;0.2735057983942908;0.26312056737588646;0.2705253784505788;-3.017241379310345;;;;;;;;;;;;;;;;;;;;;;;;;;;;;;;;;;;;;;;;;;;;;;;;;;;;;;;;;;;;;;;;;;;;
;;;;;;;;;0.27499999999999997;0.265335108743897;0.2727596968345965;-3.017241379310345;;;;;;;;;;;;;;;;;;;;;;;;;;;;;;;;;;;;;;;;;;;;;;;;;;;;;;;;;;;;;;;;;;;;
;;;;;;;;;0.2779964221824686;0.26091190792386004;0.26755555555555555;-3.017241379310345;;;;;;;;;;;;;;;;;;;;;;;;;;;;;;;;;;;;;;;;;;;;;;;;;;;;;;;;;;;;;;;;;;;;
;;;;;;;;;0.27549866031557035;0.26312056737588646;0.27027748924172745;-3.017241379310345;;;;;;;;;;;;;;;;;;;;;;;;;;;;;;;;;;;;;;;;;;;;;;;;;;;;;;;;;;;;;;;;;;;;
;;;;;;;;;6.471328671328614;5.3;5.9328990228012515;;;;;;;;;;;;;;;;;;;;;;;;;;;;;;;;;;;;;;;;;;;;;;;;;;;;;;;;;;;;;;;;;;;;;
;;;;;;;;-4.242424242424243;0.16268221574344022;0.17514693534844666;0.16594323873121866;-4.242424242424243;;;;;;;;;;;;;;;;;;;;;;;;;;;;;;;;;;;;;;;;;;;;;;;;;;;;;;;;;;;;;;;;;;;;
;;;;;;;;;0.16073211314475874;0.17184750733137827;0.16463719766472057;-4.242424242424243;;;;;;;;;;;;;;;;;;;;;;;;;;;;;;;;;;;;;;;;;;;;;;;;;;;;;;;;;;;;;;;;;;;;
;;;;;;;;;0.15749273557492735;0.17118927973199324;0.16398499374739475;-4.242424242424243;;;;;;;;;;;;;;;;;;;;;;;;;;;;;;;;;;;;;;;;;;;;;;;;;;;;;;;;;;;;;;;;;;;;
;;;;;;;;;0.16029941779872445;0.17272600251502002;0.16485471986653666;-4.242424242424243;;;;;;;;;;;;;;;;;;;;;;;;;;;;;;;;;;;;;;;;;;;;;;;;;;;;;;;;;;;;;;;;;;;;
;;;;;;;;;0.9766891891891839;1.0968944099378826;1.0196044711951795;;;;;;;;;;;;;;;;;;;;;;;;;;;;;;;;;;;;;;;;;;;;;;;;;;;;;;;;;;;;;;;;;;;;;
;;;;;;;;0.0;0.3773567029843675;0.39952038369304554;0.37988614800759;-1.6166281755196306;;;;;;;;;;;;;;;;;;;;;;;;;;;;;;;;;;;;;;;;;;;;;;;;;;;;;;;;;;;;;;;;;;;;
;;;;;;;;;0.3824228028503562;0.4012481997119538;0.3824228028503562;-1.6166281755196306;;;;;;;;;;;;;;;;;;;;;;;;;;;;;;;;;;;;;;;;;;;;;;;;;;;;;;;;;;;;;;;;;;;;
;;;;;;;;;0.37988614800759;0.39093078758949873;0.38326996197718627;-1.6166281755196306;;;;;;;;;;;;;;;;;;;;;;;;;;;;;;;;;;;;;;;;;;;;;;;;;;;;;;;;;;;;;;;;;;;;
;;;;;;;;;0.37988614800759;0.39722177870030306;0.38185847712521737;-1.6166281755196306;;;;;;;;;;;;;;;;;;;;;;;;;;;;;;;;;;;;;;;;;;;;;;;;;;;;;;;;;;;;;;;;;;;;
;;;;;;;;;-1.8283105022831048;-1.8093090909090892;-1.8260408781226327;;;;;;;;;;;;;;;;;;;;;;;;;;;;;;;;;;;;;;;;;;;;;;;;;;;;;;;;;;;;;;;;;;;;;
;;;;;;;;0.8333333333333331;0.22776572668112793;0.26017699115044246;0.2341463414634146;-1.6166281755196306;;;;;;;;;;;;;;;;;;;;;;;;;;;;;;;;;;;;;;;;;;;;;;;;;;;;;;;;;;;;;;;;;;;;
;;;;;;;;;0.2263545730385782;0.2579761378700839;0.2369982547993019;-1.6166281755196306;;;;;;;;;;;;;;;;;;;;;;;;;;;;;;;;;;;;;;;;;;;;;;;;;;;;;;;;;;;;;;;;;;;;
;;;;;;;;;0.22917933130699086;0.258709106984969;0.2377127891750327;-1.6166281755196306;;;;;;;;;;;;;;;;;;;;;;;;;;;;;;;;;;;;;;;;;;;;;;;;;;;;;;;;;;;;;;;;;;;;
;;;;;;;;;0.22776572668112793;0.2589535740604271;0.2362843436546009;-1.6166281755196306;;;;;;;;;;;;;;;;;;;;;;;;;;;;;;;;;;;;;;;;;;;;;;;;;;;;;;;;;;;;;;;;;;;;
;;;;;;;;;-2.1784232365145226;-2.0597889800703393;-2.1415019762845846;;;;;;;;;;;;;;;;;;;;;;;;;;;;;;;;;;;;;;;;;;;;;;;;;;;;;;;;;;;;;;;;;;;;;
;;;;;;;;4.117647058823528;0.26017699115044246;0.26312056737588646;0.24489259096887328;-1.9125683060109289;;;;;;;;;;;;;;;;;;;;;;;;;;;;;;;;;;;;;;;;;;;;;;;;;;;;;;;;;;;;;;;;;;;;
;;;;;;;;;0.25944272445820427;0.2690391459074733;0.24273204903677756;-1.9125683060109289;;;;;;;;;;;;;;;;;;;;;;;;;;;;;;;;;;;;;;;;;;;;;;;;;;;;;;;;;;;;;;;;;;;;
;;;;;;;;;0.24995602462620933;0.27126948775055676;0.24850615114235497;-1.9125683060109289;;;;;;;;;;;;;;;;;;;;;;;;;;;;;;;;;;;;;;;;;;;;;;;;;;;;;;;;;;;;;;;;;;;;
;;;;;;;;;0.25651214128035316;0.2678026374277668;0.24537348340885856;-1.9125683060109289;;;;;;;;;;;;;;;;;;;;;;;;;;;;;;;;;;;;;;;;;;;;;;;;;;;;;;;;;;;;;;;;;;;;
;;;;;;;;;-3.952380952380952;-3.7112936344969247;-4.24962025316455;;;;;;;;;;;;;;;;;;;;;;;;;;;;;;;;;;;;;;;;;;;;;;;;;;;;;;;;;;;;;;;;;;;;;
;;;;;;;;-13.125000000000004;0.27574810183117454;0.2735057983942908;0.2690391459074733;-3.017241379310345;;;;;;;;;;;;;;;;;;;;;;;;;;;;;;;;;;;;;;;;;;;;;;;;;;;;;;;;;;;;;;;;;;;;
;;;;;;;;;0.27499999999999997;0.27126948775055676;0.2660746003552397;-3.017241379310345;;;;;;;;;;;;;;;;;;;;;;;;;;;;;;;;;;;;;;;;;;;;;;;;;;;;;;;;;;;;;;;;;;;;
;;;;;;;;;0.2727596968345965;0.2727596968345965;0.27425256581883084;-3.017241379310345;;;;;;;;;;;;;;;;;;;;;;;;;;;;;;;;;;;;;;;;;;;;;;;;;;;;;;;;;;;;;;;;;;;;
;;;;;;;;;0.27450163641773256;0.272511144130758;0.2697819314641744;-3.017241379310345;;;;;;;;;;;;;;;;;;;;;;;;;;;;;;;;;;;;;;;;;;;;;;;;;;;;;;;;;;;;;;;;;;;;
;;;;;;;;;6.3627586206897035;6.15436241610733;5.885436893203882;;;;;;;;;;;;;;;;;;;;;;;;;;;;;;;;;;;;;;;;;;;;;;;;;;;;;;;;;;;;;;;;;;;;;
;;;;;;;;-4.242424242424243;0.17448594208980275;0.18245466048080977;0.1731656184486373;-4.242424242424243;;;;;;;;;;;;;;;;;;;;;;;;;;;;;;;;;;;;;;;;;;;;;;;;;;;;;;;;;;;;;;;;;;;;
;;;;;;;;;0.17382550335570465;0.1844594594594594;0.17382550335570465;-4.242424242424243;;;;;;;;;;;;;;;;;;;;;;;;;;;;;;;;;;;;;;;;;;;;;;;;;;;;;;;;;;;;;;;;;;;;
;;;;;;;;;0.16987447698744768;0.18178752107925797;0.17713324926439677;-4.242424242424243;;;;;;;;;;;;;;;;;;;;;;;;;;;;;;;;;;;;;;;;;;;;;;;;;;;;;;;;;;;;;;;;;;;;
;;;;;;;;;0.17272600251502002;0.18289973280832533;0.1747062115276998;-4.242424242424243;;;;;;;;;;;;;;;;;;;;;;;;;;;;;;;;;;;;;;;;;;;;;;;;;;;;;;;;;;;;;;;;;;;;
;;;;;;;;;1.0968944099378826;1.2031452358926975;1.1169946332736973;;;;;;;;;;;;;;;;;;;;;;;;;;;;;;;;;;;;;;;;;;;;;;;;;;;;;;;;;;;;;;;;;;;;;
;;;;;;;;0.0;0.37567439659252233;0.4419243986254296;0.38157644824311476;-1.6166281755196306;;;;;;;;;;;;;;;;;;;;;;;;;;;;;;;;;;;;;;;;;;;;;;;;;;;;;;;;;;;;;;;;;;;;
;;;;;;;;;0.37988614800759;0.4428290766208251;0.3807308970099667;-1.6166281755196306;;;;;;;;;;;;;;;;;;;;;;;;;;;;;;;;;;;;;;;;;;;;;;;;;;;;;;;;;;;;;;;;;;;;
;;;;;;;;;0.3773567029843675;0.4401177047572339;0.3773567029843675;-1.6166281755196306;;;;;;;;;;;;;;;;;;;;;;;;;;;;;;;;;;;;;;;;;;;;;;;;;;;;;;;;;;;;;;;;;;;;
;;;;;;;;;0.37763739734680957;0.44162303664921493;0.37988614800759;-1.6166281755196306;;;;;;;;;;;;;;;;;;;;;;;;;;;;;;;;;;;;;;;;;;;;;;;;;;;;;;;;;;;;;;;;;;;;
;;;;;;;;;-1.8309341500765677;-1.7688073394495423;-1.8283105022831048;;;;;;;;;;;;;;;;;;;;;;;;;;;;;;;;;;;;;;;;;;;;;;;;;;;;;;;;;;;;;;;;;;;;;
;;;;;;;;0.8333333333333331;0.24273204903677756;0.2521356230735358;0.22705984388551603;-1.6166281755196306;;;;;;;;;;;;;;;;;;;;;;;;;;;;;;;;;;;;;;;;;;;;;;;;;;;;;;;;;;;;;;;;;;;;
;;;;;;;;;0.24561403508771926;0.2514084507042253;0.2256499133448873;-1.6166281755196306;;;;;;;;;;;;;;;;;;;;;;;;;;;;;;;;;;;;;;;;;;;;;;;;;;;;;;;;;;;;;;;;;;;;
;;;;;;;;;0.2441717791411043;0.25578111209179166;0.22353959324967546;-1.6166281755196306;;;;;;;;;;;;;;;;;;;;;;;;;;;;;;;;;;;;;;;;;;;;;;;;;;;;;;;;;;;;;;;;;;;;
;;;;;;;;;0.2441717791411043;0.25310618299309706;0.22541516245487386;-1.6166281755196306;;;;;;;;;;;;;;;;;;;;;;;;;;;;;;;;;;;;;;;;;;;;;;;;;;;;;;;;;;;;;;;;;;;;
;;;;;;;;;-2.110606060606061;-2.0788902291917966;-2.189340813464236;;;;;;;;;;;;;;;;;;;;;;;;;;;;;;;;;;;;;;;;;;;;;;;;;;;;;;;;;;;;;;;;;;;;;
;;;;;;;;4.117647058823528;0.258709106984969;0.252863436123348;0.23842794759825325;-1.9125683060109289;;;;;;;;;;;;;;;;;;;;;;;;;;;;;;;;;;;;;;;;;;;;;;;;;;;;;;;;;;;;;;;;;;;;
;;;;;;;;;0.25651214128035316;0.25944272445820427;0.24995602462620933;-1.9125683060109289;;;;;;;;;;;;;;;;;;;;;;;;;;;;;;;;;;;;;;;;;;;;;;;;;;;;;;;;;;;;;;;;;;;;
;;;;;;;;;0.258709106984969;0.258709106984969;0.24705882352941175;-1.9125683060109289;;;;;;;;;;;;;;;;;;;;;;;;;;;;;;;;;;;;;;;;;;;;;;;;;;;;;;;;;;;;;;;;;;;;
;;;;;;;;;0.2579761378700839;0.2569998527896366;0.24513300204618504;-1.9125683060109289;;;;;;;;;;;;;;;;;;;;;;;;;;;;;;;;;;;;;;;;;;;;;;;;;;;;;;;;;;;;;;;;;;;;
;;;;;;;;;-3.9181208053691274;-3.9408577878103785;-4.25685279187818;;;;;;;;;;;;;;;;;;;;;;;;;;;;;;;;;;;;;;;;;;;;;;;;;;;;;;;;;;;;;;;;;;;;;
;;;;;;;;-13.125000000000004;0.27574810183117454;0.2660746003552397;0.2645962732919254;-3.017241379310345;;;;;;;;;;;;;;;;;;;;;;;;;;;;;;;;;;;;;;;;;;;;;;;;;;;;;;;;;;;;;;;;;;;;
;;;;;;;;;0.2772463120250335;0.27126948775055676;0.265335108743897;-3.017241379310345;;;;;;;;;;;;;;;;;;;;;;;;;;;;;;;;;;;;;;;;;;;;;;;;;;;;;;;;;;;;;;;;;;;;
;;;;;;;;;0.28025078369905954;0.27126948775055676;0.2572438162544169;-3.017241379310345;;;;;;;;;;;;;;;;;;;;;;;;;;;;;;;;;;;;;;;;;;;;;;;;;;;;;;;;;;;;;;;;;;;;
;;;;;;;;;0.2777463109256225;0.2695342628300209;0.26238369517058036;-3.017241379310345;;;;;;;;;;;;;;;;;;;;;;;;;;;;;;;;;;;;;;;;;;;;;;;;;;;;;;;;;;;;;;;;;;;;
;;;;;;;;;6.72707581227431;5.861935483870918;5.240707964601771;;;;;;;;;;;;;;;;;;;;;;;;;;;;;;;;;;;;;;;;;;;;;;;;;;;;;;;;;;;;;;;;;;;;;
;;;;;;;;-4.242424242424243;0.16073211314475874;0.16268221574344022;0.16790639364814036;-4.242424242424243;;;;;;;;;;;;;;;;;;;;;;;;;;;;;;;;;;;;;;;;;;;;;;;;;;;;;;;;;;;;;;;;;;;;
;;;;;;;;;0.16268221574344022;0.16594323873121866;0.17448594208980275;-4.242424242424243;;;;;;;;;;;;;;;;;;;;;;;;;;;;;;;;;;;;;;;;;;;;;;;;;;;;;;;;;;;;;;;;;;;;
;;;;;;;;;0.16268221574344022;0.16594323873121866;0.17118927973199324;-4.242424242424243;;;;;;;;;;;;;;;;;;;;;;;;;;;;;;;;;;;;;;;;;;;;;;;;;;;;;;;;;;;;;;;;;;;;
;;;;;;;;;0.1620316402997502;0.16485471986653666;0.17118927973199324;-4.242424242424243;;;;;;;;;;;;;;;;;;;;;;;;;;;;;;;;;;;;;;;;;;;;;;;;;;;;;;;;;;;;;;;;;;;;
;;;;;;;;;0.9928571428571428;1.0196044711951795;1.0814814814814813;;;;;;;;;;;;;;;;;;;;;;;;;;;;;;;;;;;;;;;;;;;;;;;;;;;;;;;;;;;;;;;;;;;;;
;;;;;;;;0.0;0.4012481997119538;0.4365149290259422;0.3926421404682274;-1.6166281755196306;;;;;;;;;;;;;;;;;;;;;;;;;;;;;;;;;;;;;;;;;;;;;;;;;;;;;;;;;;;;;;;;;;;;
;;;;;;;;;0.4081927710843373;0.43741429970617035;0.39178605539637046;-1.6166281755196306;;;;;;;;;;;;;;;;;;;;;;;;;;;;;;;;;;;;;;;;;;;;;;;;;;;;;;;;;;;;;;;;;;;;
;;;;;;;;;0.4090646094503374;0.4401177047572339;0.38496669838249276;-1.6166281755196306;;;;;;;;;;;;;;;;;;;;;;;;;;;;;;;;;;;;;;;;;;;;;;;;;;;;;;;;;;;;;;;;;;;;
;;;;;;;;;0.4061617458279848;0.43801436969301133;0.38979169979329015;-1.6166281755196306;;;;;;;;;;;;;;;;;;;;;;;;;;;;;;;;;;;;;;;;;;;;;;;;;;;;;;;;;;;;;;;;;;;;
;;;;;;;;;-1.8002844950213384;-1.7717305151915468;-1.8171979243884373;;;;;;;;;;;;;;;;;;;;;;;;;;;;;;;;;;;;;;;;;;;;;;;;;;;;;;;;;;;;;;;;;;;;;
;;;;;;;;0.8333333333333331;0.24561403508771926;0.26238369517058036;0.2369982547993019;-1.6166281755196306;;;;;;;;;;;;;;;;;;;;;;;;;;;;;;;;;;;;;;;;;;;;;;;;;;;;;;;;;;;;;;;;;;;;
;;;;;;;;;0.24850615114235497;0.26017699115044246;0.23485838779956425;-1.6166281755196306;;;;;;;;;;;;;;;;;;;;;;;;;;;;;;;;;;;;;;;;;;;;;;;;;;;;;;;;;;;;;;;;;;;;
;;;;;;;;;0.24345159877354353;0.2616474756421612;0.2341463414634146;-1.6166281755196306;;;;;;;;;;;;;;;;;;;;;;;;;;;;;;;;;;;;;;;;;;;;;;;;;;;;;;;;;;;;;;;;;;;;
;;;;;;;;;0.2458546571136128;0.2614022140221404;0.23533343019032416;-1.6166281755196306;;;;;;;;;;;;;;;;;;;;;;;;;;;;;;;;;;;;;;;;;;;;;;;;;;;;;;;;;;;;;;;;;;;;
;;;;;;;;;-2.1043804755944926;-2.052143684820394;-2.1454304635761594;;;;;;;;;;;;;;;;;;;;;;;;;;;;;;;;;;;;;;;;;;;;;;;;;;;;;;;;;;;;;;;;;;;;;
;;;;;;;;4.117647058823528;0.2660746003552397;0.2727596968345965;0.2682970208981769;-1.9125683060109289;;;;;;;;;;;;;;;;;;;;;;;;;;;;;;;;;;;;;;;;;;;;;;;;;;;;;;;;;;;;;;;;;;;;
;;;;;;;;;0.26238369517058036;0.27201426024955433;0.2682970208981769;-1.9125683060109289;;;;;;;;;;;;;;;;;;;;;;;;;;;;;;;;;;;;;;;;;;;;;;;;;;;;;;;;;;;;;;;;;;;;
;;;;;;;;;0.26755555555555555;0.27126948775055676;0.2682970208981769;-1.9125683060109289;;;;;;;;;;;;;;;;;;;;;;;;;;;;;;;;;;;;;;;;;;;;;;;;;;;;;;;;;;;;;;;;;;;;
;;;;;;;;;0.265335108743897;0.27201426024955433;0.2682970208981769;-1.9125683060109289;;;;;;;;;;;;;;;;;;;;;;;;;;;;;;;;;;;;;;;;;;;;;;;;;;;;;;;;;;;;;;;;;;;;
;;;;;;;;;-3.7597484276729567;-3.633333333333333;-3.7018404907975464;;;;;;;;;;;;;;;;;;;;;;;;;;;;;;;;;;;;;;;;;;;;;;;;;;;;;;;;;;;;;;;;;;;;;
;;;;;;;;-13.125000000000004;0.30390554041780193;0.2946702800361337;0.2923770861524583;-3.017241379310345;;;;;;;;;;;;;;;;;;;;;;;;;;;;;;;;;;;;;;;;;;;;;;;;;;;;;;;;;;;;;;;;;;;;
;;;;;;;;;0.3054545454545454;0.29927536231884055;0.2923770861524583;-3.017241379310345;;;;;;;;;;;;;;;;;;;;;;;;;;;;;;;;;;;;;;;;;;;;;;;;;;;;;;;;;;;;;;;;;;;;
;;;;;;;;;0.30390554041780193;0.29696969696969694;0.29696969696969694;-3.017241379310345;;;;;;;;;;;;;;;;;;;;;;;;;;;;;;;;;;;;;;;;;;;;;;;;;;;;;;;;;;;;;;;;;;;;
;;;;;;;;;0.30442156268927945;0.29696969696969694;0.29390519187358916;-3.017241379310345;;;;;;;;;;;;;;;;;;;;;;;;;;;;;;;;;;;;;;;;;;;;;;;;;;;;;;;;;;;;;;;;;;;;
;;;;;;;;;11.688372093023096;9.8;9.169014084507042;;;;;;;;;;;;;;;;;;;;;;;;;;;;;;;;;;;;;;;;;;;;;;;;;;;;;;;;;;;;;;;;;;;;;
;;;;;;;;-4.242424242424243;0.1952380952380952;0.18379062895736595;0.18646934460887946;-4.242424242424243;;;;;;;;;;;;;;;;;;;;;;;;;;;;;;;;;;;;;;;;;;;;;;;;;;;;;;;;;;;;;;;;;;;;
;;;;;;;;;0.1925297113752122;0.18579881656804734;0.18915713680643792;-4.242424242424243;;;;;;;;;;;;;;;;;;;;;;;;;;;;;;;;;;;;;;;;;;;;;;;;;;;;;;;;;;;;;;;;;;;;
;;;;;;;;;0.1938827527612574;0.1831223628691983;0.1884843353090601;-4.242424242424243;;;;;;;;;;;;;;;;;;;;;;;;;;;;;;;;;;;;;;;;;;;;;;;;;;;;;;;;;;;;;;;;;;;;
;;;;;;;;;0.1938827527612574;0.18423645320197063;0.18803611738148962;-4.242424242424243;;;;;;;;;;;;;;;;;;;;;;;;;;;;;;;;;;;;;;;;;;;;;;;;;;;;;;;;;;;;;;;;;;;;
;;;;;;;;;1.3267441860465115;1.2176744186046569;1.2597353497164396;;;;;;;;;;;;;;;;;;;;;;;;;;;;;;;;;;;;;;;;;;;;;;;;;;;;;;;;;;;;;;;;;;;;;
;;;;;;;;0.0;0.4169491525423728;0.4428290766208251;0.37904220009483164;-1.6166281755196306;;;;;;;;;;;;;;;;;;;;;;;;;;;;;;;;;;;;;;;;;;;;;;;;;;;;;;;;;;;;;;;;;;;;
;;;;;;;;;0.4240155566358774;0.4365149290259422;0.3807308970099667;-1.6166281755196306;;;;;;;;;;;;;;;;;;;;;;;;;;;;;;;;;;;;;;;;;;;;;;;;;;;;;;;;;;;;;;;;;;;;
;;;;;;;;;0.4160696999031945;0.44102060843964663;0.38157644824311476;-1.6166281755196306;;;;;;;;;;;;;;;;;;;;;;;;;;;;;;;;;;;;;;;;;;;;;;;;;;;;;;;;;;;;;;;;;;;;
;;;;;;;;;0.4190045248868774;0.4401177047572339;0.3804492249288202;-1.6166281755196306;;;;;;;;;;;;;;;;;;;;;;;;;;;;;;;;;;;;;;;;;;;;;;;;;;;;;;;;;;;;;;;;;;;;
;;;;;;;;;-1.7881379310344812;-1.7700197238658777;-1.8276595744680864;;;;;;;;;;;;;;;;;;;;;;;;;;;;;;;;;;;;;;;;;;;;;;;;;;;;;;;;;;;;;;;;;;;;;
;;;;;;;;0.8333333333333331;0.24778216952129994;0.26091190792386004;0.24129483814523184;-1.6166281755196306;;;;;;;;;;;;;;;;;;;;;;;;;;;;;;;;;;;;;;;;;;;;;;;;;;;;;;;;;;;;;;;;;;;;
;;;;;;;;;0.2521356230735358;0.265335108743897;0.23986013986013982;-1.6166281755196306;;;;;;;;;;;;;;;;;;;;;;;;;;;;;;;;;;;;;;;;;;;;;;;;;;;;;;;;;;;;;;;;;;;;
;;;;;;;;;0.2463361123299693;0.2572438162544169;0.23986013986013982;-1.6166281755196306;;;;;;;;;;;;;;;;;;;;;;;;;;;;;;;;;;;;;;;;;;;;;;;;;;;;;;;;;;;;;;;;;;;;
;;;;;;;;;0.24874761974512938;0.2611570247933882;0.24033809385018964;-1.6166281755196306;;;;;;;;;;;;;;;;;;;;;;;;;;;;;;;;;;;;;;;;;;;;;;;;;;;;;;;;;;;;;;;;;;;;
;;;;;;;;;-2.093958076448828;-2.052900232018561;-2.1252577319587633;;;;;;;;;;;;;;;;;;;;;;;;;;;;;;;;;;;;;;;;;;;;;;;;;;;;;;;;;;;;;;;;;;;;;
;;;;;;;;4.117647058823528;0.26681474900044416;0.27201426024955433;0.26385809312638575;-1.9125683060109289;;;;;;;;;;;;;;;;;;;;;;;;;;;;;;;;;;;;;;;;;;;;;;;;;;;;;;;;;;;;;;;;;;;;
;;;;;;;;;0.26238369517058036;0.276496872207328;0.2660746003552397;-1.9125683060109289;;;;;;;;;;;;;;;;;;;;;;;;;;;;;;;;;;;;;;;;;;;;;;;;;;;;;;;;;;;;;;;;;;;;
;;;;;;;;;0.26385809312638575;0.2727596968345965;0.2616474756421612;-1.9125683060109289;;;;;;;;;;;;;;;;;;;;;;;;;;;;;;;;;;;;;;;;;;;;;;;;;;;;;;;;;;;;;;;;;;;;
;;;;;;;;;0.2643501404702057;0.2737546468401484;0.26385809312638575;-1.9125683060109289;;;;;;;;;;;;;;;;;;;;;;;;;;;;;;;;;;;;;;;;;;;;;;;;;;;;;;;;;;;;;;;;;;;;
;;;;;;;;;-3.7797040169133136;-3.6027397260274014;-3.789808917197452;;;;;;;;;;;;;;;;;;;;;;;;;;;;;;;;;;;;;;;;;;;;;;;;;;;;;;;;;;;;;;;;;;;;;
;;;;;;;;-13.125000000000004;0.2870503597122302;0.2923770861524583;0.29927536231884055;-3.017241379310345;;;;;;;;;;;;;;;;;;;;;;;;;;;;;;;;;;;;;;;;;;;;;;;;;;;;;;;;;;;;;;;;;;;;
;;;;;;;;;0.2923770861524583;0.29390519187358916;0.29009009009009007;-3.017241379310345;;;;;;;;;;;;;;;;;;;;;;;;;;;;;;;;;;;;;;;;;;;;;;;;;;;;;;;;;;;;;;;;;;;;
;;;;;;;;;0.2977375565610859;0.2954360596475373;0.29009009009009007;-3.017241379310345;;;;;;;;;;;;;;;;;;;;;;;;;;;;;;;;;;;;;;;;;;;;;;;;;;;;;;;;;;;;;;;;;;;;
;;;;;;;;;0.2923770861524583;0.29390519187358916;0.29314079422382666;-3.017241379310345;;;;;;;;;;;;;;;;;;;;;;;;;;;;;;;;;;;;;;;;;;;;;;;;;;;;;;;;;;;;;;;;;;;;
;;;;;;;;;8.879452054794514;9.169014084507042;9.022222222222213;;;;;;;;;;;;;;;;;;;;;;;;;;;;;;;;;;;;;;;;;;;;;;;;;;;;;;;;;;;;;;;;;;;;;
;;;;;;;;-4.242424242424243;0.18512885509083227;0.17846024400504834;0.18245466048080977;-4.242424242424243;;;;;;;;;;;;;;;;;;;;;;;;;;;;;;;;;;;;;;;;;;;;;;;;;;;;;;;;;;;;;;;;;;;;
;;;;;;;;;0.1844594594594594;0.17978947368421053;0.18512885509083227;-4.242424242424243;;;;;;;;;;;;;;;;;;;;;;;;;;;;;;;;;;;;;;;;;;;;;;;;;;;;;;;;;;;;;;;;;;;;
;;;;;;;;;0.1844594594594594;0.1844594594594594;0.18714043993231808;-4.242424242424243;;;;;;;;;;;;;;;;;;;;;;;;;;;;;;;;;;;;;;;;;;;;;;;;;;;;;;;;;;;;;;;;;;;;
;;;;;;;;;0.18468252850908043;0.18089887640449456;0.18490566037735867;-4.242424242424243;;;;;;;;;;;;;;;;;;;;;;;;;;;;;;;;;;;;;;;;;;;;;;;;;;;;;;;;;;;;;;;;;;;;
;;;;;;;;;1.2225535880708234;1.1816513761467946;1.2250000000000056;;;;;;;;;;;;;;;;;;;;;;;;;;;;;;;;;;;;;;;;;;;;;;;;;;;;;;;;;;;;;;;;;;;;;
;;;;;;;;0.0;0.4528395061728394;0.43292623351245724;0.4178294573643411;-1.6166281755196306;;;;;;;;;;;;;;;;;;;;;;;;;;;;;;;;;;;;;;;;;;;;;;;;;;;;;;;;;;;;;;;;;;;;
;;;;;;;;;0.4473658296405711;0.43741429970617035;0.4204754973313925;-1.6166281755196306;;;;;;;;;;;;;;;;;;;;;;;;;;;;;;;;;;;;;;;;;;;;;;;;;;;;;;;;;;;;;;;;;;;;
;;;;;;;;;0.45192497532082915;0.4365149290259422;0.4257907542579075;-1.6166281755196306;;;;;;;;;;;;;;;;;;;;;;;;;;;;;;;;;;;;;;;;;;;;;;;;;;;;;;;;;;;;;;;;;;;;
;;;;;;;;;0.4507070042749098;0.43561643835616437;0.42135922330097086;-1.6166281755196306;;;;;;;;;;;;;;;;;;;;;;;;;;;;;;;;;;;;;;;;;;;;;;;;;;;;;;;;;;;;;;;;;;;;
;;;;;;;;;-1.7616966580976872;-1.7737051792828684;-1.7860082304526748;;;;;;;;;;;;;;;;;;;;;;;;;;;;;;;;;;;;;;;;;;;;;;;;;;;;;;;;;;;;;;;;;;;;;
;;;;;;;;0.8333333333333331;0.24850615114235497;0.26017699115044246;0.2377127891750327;-1.6166281755196306;;;;;;;;;;;;;;;;;;;;;;;;;;;;;;;;;;;;;;;;;;;;;;;;;;;;;;;;;;;;;;;;;;;;
;;;;;;;;;0.24778216952129994;0.25944272445820427;0.24129483814523184;-1.6166281755196306;;;;;;;;;;;;;;;;;;;;;;;;;;;;;;;;;;;;;;;;;;;;;;;;;;;;;;;;;;;;;;;;;;;;
;;;;;;;;;0.2441717791411043;0.26017699115044246;0.2377127891750327;-1.6166281755196306;;;;;;;;;;;;;;;;;;;;;;;;;;;;;;;;;;;;;;;;;;;;;;;;;;;;;;;;;;;;;;;;;;;;
;;;;;;;;;0.24681784930504774;0.2599321633977292;0.23890506697728617;-1.6166281755196306;;;;;;;;;;;;;;;;;;;;;;;;;;;;;;;;;;;;;;;;;;;;;;;;;;;;;;;;;;;;;;;;;;;;
;;;;;;;;;-2.1008717310087177;-2.0567094515752626;-2.1309090909090913;;;;;;;;;;;;;;;;;;;;;;;;;;;;;;;;;;;;;;;;;;;;;;;;;;;;;;;;;;;;;;;;;;;;;
;;;;;;;;4.117647058823528;0.27126948775055676;0.2697819314641744;0.2690391459074733;-1.9125683060109289;;;;;;;;;;;;;;;;;;;;;;;;;;;;;;;;;;;;;;;;;;;;;;;;;;;;;;;;;;;;;;;;;;;;
;;;;;;;;;0.27574810183117454;0.2727596968345965;0.26385809312638575;-1.9125683060109289;;;;;;;;;;;;;;;;;;;;;;;;;;;;;;;;;;;;;;;;;;;;;;;;;;;;;;;;;;;;;;;;;;;;
;;;;;;;;;0.2690391459074733;0.2772463120250335;0.27126948775055676;-1.9125683060109289;;;;;;;;;;;;;;;;;;;;;;;;;;;;;;;;;;;;;;;;;;;;;;;;;;;;;;;;;;;;;;;;;;;;
;;;;;;;;;0.27201426024955433;0.27325702393340284;0.2680497925311205;-1.9125683060109289;;;;;;;;;;;;;;;;;;;;;;;;;;;;;;;;;;;;;;;;;;;;;;;;;;;;;;;;;;;;;;;;;;;;
;;;;;;;;;-3.633333333333333;-3.6113948919449865;-3.7065573770491755;;;;;;;;;;;;;;;;;;;;;;;;;;;;;;;;;;;;;;;;;;;;;;;;;;;;;;;;;;;;;;;;;;;;;
;;;;;;;;-13.125000000000004;0.30081595648232085;0.2916140667267809;0.2923770861524583;-3.017241379310345;;;;;;;;;;;;;;;;;;;;;;;;;;;;;;;;;;;;;;;;;;;;;;;;;;;;;;;;;;;;;;;;;;;;
;;;;;;;;;0.2954360596475373;0.29009009009009007;0.2946702800361337;-3.017241379310345;;;;;;;;;;;;;;;;;;;;;;;;;;;;;;;;;;;;;;;;;;;;;;;;;;;;;;;;;;;;;;;;;;;;
;;;;;;;;;0.2962025316455696;0.29927536231884055;0.29927536231884055;-3.017241379310345;;;;;;;;;;;;;;;;;;;;;;;;;;;;;;;;;;;;;;;;;;;;;;;;;;;;;;;;;;;;;;;;;;;;
;;;;;;;;;0.29748152616498286;0.2936503159795368;0.2954360596475373;-3.017241379310345;;;;;;;;;;;;;;;;;;;;;;;;;;;;;;;;;;;;;;;;;;;;;;;;;;;;;;;;;;;;;;;;;;;;
;;;;;;;;;9.912562814070235;9.1196261682242;9.475362318840574;;;;;;;;;;;;;;;;;;;;;;;;;;;;;;;;;;;;;;;;;;;;;;;;;;;;;;;;;;;;;;;;;;;;;
;;;;;;;;-4.242424242424243;0.19050445103857566;0.1884843353090601;0.18714043993231808;-4.242424242424243;;;;;;;;;;;;;;;;;;;;;;;;;;;;;;;;;;;;;;;;;;;;;;;;;;;;;;;;;;;;;;;;;;;;
;;;;;;;;;0.18983050847457622;0.18915713680643792;0.18646934460887946;-4.242424242424243;;;;;;;;;;;;;;;;;;;;;;;;;;;;;;;;;;;;;;;;;;;;;;;;;;;;;;;;;;;;;;;;;;;;
;;;;;;;;;0.18915713680643792;0.19117896522476674;0.18512885509083227;-4.242424242424243;;;;;;;;;;;;;;;;;;;;;;;;;;;;;;;;;;;;;;;;;;;;;;;;;;;;;;;;;;;;;;;;;;;;
;;;;;;;;;0.18983050847457622;0.18960598785482294;0.18624577226606556;-4.242424242424243;;;;;;;;;;;;;;;;;;;;;;;;;;;;;;;;;;;;;;;;;;;;;;;;;;;;;;;;;;;;;;;;;;;;
;;;;;;;;;1.2799999999999998;1.2774500475737454;1.2397748592870603;;;;;;;;;;;;;;;;;;;;;;;;;;;;;;;;;;;;;;;;;;;;;;;;;;;;;;;;;;;;;;;;;;;;;
