Time (h) 1L;1L (mean);1L (std);Time (h) 3L;3L (mean);3L (std);Time (h) 5L;5L (mean);5L (std);Time (h) 285L;285L (mean);285L (std)
0.0;-1.400000200284726;-1.4000009051560212;0.0;-1.4000001866666916;-1.4000012702245608;0.0;-1.4000002131818505;-1.400012506778394;0.0;-1.4000002835265057;-1.4000020858786848
-4.906542056074767;-1.4000001924780225;-1.4000006784794046;-13.125000000000004;-1.4000001814409173;-1.4000014479903002;-1.6620111731843572;-1.4000001825790993;-1.4000057723314923;-1.7045454545454546;-1.4000002090485637;-1.4000011582737493
-1.6620111731843572;-1.4000001603981416;-1.4000003851462128;-1.6629292221443586;-1.400000159167207;-1.4000026506294365;-1.6048034934497815;-1.4000001342397266;-1.400005002684543;-1.6764922623434044;-1.400000202918567;-1.400001147275358
-1.6166281755196306;-1.4000001492838354;-1.4000003153548162;-1.6598937889632877;-1.4000001588965778;-1.400002662059862;-1.5759849906191368;-1.4000001089114744;-1.4000030016064353;-1.6531713900134952;-1.4000001880008603;-1.4000013330640637
-1.6048034934497815;-1.4000001445393406;-1.4000003007177781;-1.6371681415929202;-1.4000001570238312;-1.4000026698925696;-1.4979123173277662;-1.4000000869524964;-1.4000007146670312;-1.6299019607843135;-1.4000001727881304;-1.4000012978317533
-1.5759849906191368;-1.4000001328925746;-1.4000002689792468;-1.6189457304026453;-1.4000001541538234;-1.400002306957983;-1.488657844990548;-1.4000000786582851;-1.4000004362792058;-1.6145634769348074;-1.4000001594894396;-1.4000013503603883
-1.5542763157894735;-1.4000001216400841;-1.4000002335300186;-1.605551497443389;-1.4000001517216956;-1.400002049895618;-1.4827890556045893;-1.4000000710606098;-1.4000004810258062;-1.5942028985507244;-1.4000001475031234;-1.4000017786787982
-1.4979123173277662;-1.4000000801810228;-1.400000155783477;-1.6035075031639847;-1.4000001513696576;-1.4000020066133292;-1.4602053915275994;-1.4000000449880112;-1.4000003789900015;-1.5831435079726648;-1.4000001428840883;-1.400001659205478
-1.4908034849951597;-1.4000000769641068;-1.4000001576547305;-1.5893037336024216;-1.4000001485595739;-1.4000017519962868;-1.456574185765983;-1.4000000372222232;-1.4000003075410512;-1.5759849906191368;-1.4000001404428362;-1.4000016910469089
-1.488657844990548;-1.4000000756324584;-1.4000001602861478;-1.5761226725082147;-1.4000001460279103;-1.4000015780531512;-1.454125793421812;-1.400000036929135;-1.4000003291228842;-1.503303964757709;-1.400000098674833;-1.4000010022505918
-1.4827890556045893;-1.400000067039908;-1.4000001360931897;-1.5755732335049135;-1.4000001458173421;-1.4000015610177468;-1.4434661723818352;-1.4000000297777786;-1.400000416889013;-1.499032201302129;-1.4000000947279454;-1.4000010326145518
-1.4776490066225163;-1.400000061619654;-1.4000001235198782;-1.5644171779141103;-1.400000135816965;-1.400001921301815;-1.441541186891054;-1.400000028641222;-1.4000003126667364;-1.4966512107161256;-1.4000000899670355;-1.4000011108194659
-1.477515322636182;-1.4000000614517387;-1.4000001232634978;-1.5541706615532118;-1.4000001264486839;-1.4000021620915557;-1.440205743677668;-1.4000000281048695;-1.4000003001600643;-1.4930555555555554;-1.400000081200153;-1.4000007782534083
-1.4602053915275994;-1.400000036711386;-1.4000001269175837;-1.4978697504564817;-1.4000000791139806;-1.40000067342541;-1.4340101522842639;-1.4000000268000006;-1.4000003126667364;-1.4901489668428638;-1.4000000728961373;-1.400000875596759
-1.4574402939375382;-1.4000000339036152;-1.4000001296838003;-1.4930555555555554;-1.4000000764042906;-1.400000640704444;-1.432820153953814;-1.4000000264225358;-1.4000003752001005;-1.4866112650046166;-1.4000000678451008;-1.4000009815600096
-1.456574185765983;-1.4000000338170355;-1.4000001232528019;-1.491319162745416;-1.4000000752155453;-1.4000006519958057;-1.431980906921241;-1.400000024603279;-1.4000003949474797;-1.4841821853264525;-1.4000000656280083;-1.4000006390697775
-1.454125793421812;-1.400000030846808;-1.4000000761337998;-1.4886927744070602;-1.400000073776472;-1.400000686567838;-1.427933293627159;-1.4000000233043484;-1.4000006253336126;-1.4823348694316436;-1.4000000625361575;-1.4000006114586319
-1.4518805309734515;-1.4000000290006371;-1.4000000782786504;-1.4885184020132116;-1.4000000735706752;-1.4000006837163268;-1.4271255060728745;-1.400000021019608;-1.4000008337782743;-1.4622015915119362;-1.4000000377687796;-1.4000004671260347
-1.4434661723818352;-1.4000000246403466;-1.4000000900574645;-1.485623003194888;-1.4000000687901457;-1.4000005344044635;-1.426549674497594;-1.4000000197994724;-1.4000005772310071;-1.461021359644367;-1.4000000369849281;-1.400000405840423
-1.4420062695924765;-1.4000000235974848;-1.400000086950687;-1.4827890556045893;-1.4000000638600907;-1.4000004489390345;-1.4236988377968671;-1.4000000184373467;-1.400001072000821;-1.4599648393798945;-1.400000036351453;-1.4000003561159688
-1.441541186891054;-1.400000022959715;-1.400000088834984;-1.482697817941371;-1.4000000637340924;-1.4000004473016;-1.4231148348940363;-1.4000000183024393;-1.4000018760025137;-1.4583333333333335;-1.4000000349506432;-1.400000261472808
-1.440205743677668;-1.400000021604607;-1.4000001047262436;-1.4825764800821655;-1.400000063523383;-1.4000004462219104;-1.4226953786595693;-1.4000000170545457;0.0;-1.4572941056703657;-1.400000033867911;-1.4000002326656058
-1.4389534883720931;-1.4000000197902578;-1.400000148851557;-1.4801366937206322;-1.400000060421854;-1.4000004813627158;-1.4205792014041247;-1.4000000158312238;-1.4000009380006284;-1.456574185765983;-1.400000032337011;-1.4000002166592467
-1.4340101522842639;-1.4000000181359116;-1.4000001514130092;-1.4776222329494517;-1.4000000577818632;-1.4000004764885996;-1.4198182970631732;-1.4000000150380763;-1.4000003949474797;-1.4557338086749854;-1.400000030810755;-1.4000001961642974
-1.4331097776208965;-1.4000000176772676;-1.4000001373436473;-1.4602053915275994;-1.4000000453817705;-1.4000002819235355;-1.418185343156262;-1.4000000140261684;-1.400001072000821;-1.4546646593171775;-1.4000000289824146;-1.400000165424574
-1.432820153953814;-1.400000017080425;-1.4000001409328005;-1.4601892946901234;-1.4000000453705848;-1.4000002817693284;-1.4175885992874555;-1.4000000139479556;-1.4000007504004022;-1.4537381839014611;-1.400000028400473;-1.4000001623698497
-1.431980906921241;-1.4000000155900278;-1.4000001324143785;-1.4587903478533375;-1.400000044876019;-1.4000002905603937;-1.4162903786036818;-1.4000000131649124;-1.4000003752001005;-1.4444971537001898;-1.400000023834744;-1.4000001584080572
-1.431183510638298;-1.4000000148300398;-1.4000001638027328;-1.457513668182515;-1.4000000444150127;-1.4000002975345565;;;;-1.4438898853622397;-1.4000000233704515;-1.4000001690022736
-1.427933293627159;-1.4000000128260608;-1.4000001314319552;-1.4565173729664593;-1.4000000439683755;-1.400000306590754;;;;-1.4434661723818352;-1.4000000232231358;-1.4000001832021192
-1.4273230410719489;-1.4000000124238412;-1.400000127302312;-1.4553229135948098;-1.4000000435903592;-1.4000003267546466;;;;-1.442481884057971;-1.400000023345778;-1.4000002755538332
-1.4271255060728745;-1.400000012218182;-1.400000142337132;-1.454190939290357;-1.4000000430955946;-1.400000347199422;;;;-1.4419436577731406;-1.400000023554688;-1.4000003390512652
-1.426549674497594;-1.4000000116884737;-1.4000001763492538;-1.45409977890993;-1.4000000430565276;-1.4000003484523968;;;;-1.441541186891054;-1.4000000233181418;-1.4000003558661844
-1.4259977827050998;-1.4000000114788245;-1.4000002551764241;-1.452979384354702;-1.400000042273093;-1.4000003545501063;;;;-1.4410862899693386;-1.400000022758411;-1.4000003117252529
-1.4236988377968671;-1.400000011025121;-1.4000002707280006;-1.4518805309734515;-1.4000000416655145;-1.4000003542032562;;;;-1.4405680098032148;-1.4000000221660829;-1.4000002640837108
-1.423258120505827;-1.4000000109654165;-1.4000002111593515;-1.4434410096098182;-1.4000000369486407;-1.400000311811972;;;;-1.4401842133447575;-1.4000000219298998;-1.4000002597205337
-1.4231148348940363;-1.4000000108856352;-1.4000002112146654;-1.4434075045312562;-1.4000000369100456;-1.4000003096579834;;;;-1.4345848952252198;-1.4000000192134434;-1.4000002381528016
-1.4226953786595693;-1.4000000107088524;-1.4000002403574048;-1.4430505622274918;-1.4000000363979757;-1.4000002879411841;;;;-1.4342169260700388;-1.4000000190176312;-1.4000002393997546
-1.4222688244371462;-1.4000000104796817;-1.4000002455085003;-1.4420062695924765;-1.4000000348531545;-1.4000002378208933;;;;-1.4340101522842639;-1.4000000189273287;-1.4000002422355478
-1.4205792014041247;-1.4000000100371341;-1.4000001364519215;-1.4415872312125915;-1.4000000339927143;-1.4000002363117563;;;;-1.4334045584045585;-1.4000000185929333;-1.400000239786817
-1.4202460608676883;-1.4000000099560275;-1.400000126285784;-1.4411614130037302;-1.4000000331889602;-1.400000250145095;;;;-1.4330611525583035;-1.4000000182776728;-1.4000002690400244
-1.4198182970631732;-1.4000000098712102;-1.4000001165151796;-1.440241678881699;-1.4000000316194476;-1.4000002758437997;;;;-1.4329161305415838;-1.4000000180868608;-1.4000002782176835
-1.4195091514143094;-1.4000000098548695;-1.4000001175139312;-1.4401770416904625;-1.400000031535935;-1.4000002753541212;;;;-1.4323950958383698;-1.4000000172730185;-1.4000002740813189
-1.418185343156262;-1.4000000100975054;-1.4000001053373805;-1.4401555420784131;-1.400000031512773;-1.4000002756900884;;;;-1.4321912715209062;-1.4000000170516749;-1.4000002462257044
-1.4178962096158738;-1.4000000101110446;-1.4000000958200236;-1.439569711031428;-1.4000000312140262;-1.4000002954197948;;;;-1.431980906921241;-1.4000000169102016;-1.4000002255837756
-1.4175885992874555;-1.4000000099105279;-1.4000000999250053;-1.4389534883720931;-1.400000030893529;-1.400000319971111;;;;-1.4283555018137848;-1.4000000159363406;-1.4000001821864225
-1.4173179887993108;-1.4000000097709997;-1.4000001097827577;-1.4341183959261619;-1.4000000286364185;-1.4000006880598994;;;;-1.428069125458218;-1.4000000158607924;-1.4000001773709432
-1.4162903786036818;-1.4000000092377676;-1.4000001748680189;-1.4340101522842639;-1.400000028533209;-1.400000671403983;;;;-1.4277473746487206;-1.4000000155806855;-1.4000001795149373
;;;-1.433704635285663;-1.4000000283289151;-1.4000006396430074;;;;-1.4275234741784038;-1.400000015408066;-1.4000001812668224
;;;-1.4331585459258822;-1.400000028000519;-1.400000521729967;;;;-1.4273164102315197;-1.400000015159164;-1.4000001981168506
;;;-1.432801025760578;-1.4000000278586346;-1.400000450420877;;;;-1.427115704271157;-1.400000014985233;-1.4000002189479113
;;;-1.432786694241356;-1.4000000278690514;-1.4000004545648554;;;;-1.426930806775768;-1.4000000149476415;-1.4000002834436904
;;;-1.4323950958383698;-1.4000000278730291;-1.4000006372447276;;;;-1.426700825505266;-1.400000014992891;-1.4000003329427353
;;;-1.4320264041427189;-1.4000000279306661;-1.4000007105568095;;;;-1.4264622907654694;-1.4000000151045817;-1.4000003853150202
;;;-1.431980906921241;-1.4000000278826819;-1.4000006957311169;;;;-1.424002047082907;-1.4000000140195425;-1.4000002648530108
;;;-1.4319491357043515;-1.4000000278170437;-1.4000006732281334;;;;-1.423821718058877;-1.400000014007139;-1.4000002284930966
;;;-1.4315771755596702;-1.4000000272860176;-1.4000004871188105;;;;-1.4236565015447342;-1.400000013947863;-1.4000002035003927
;;;-1.431183510638298;-1.4000000266665775;-1.400000351044663;;;;-1.4234031936127745;-1.4000000141882356;-1.40000024584095
;;;-1.427933293627159;-1.4000000254714842;-1.4000002883441776;;;;-1.4232029848900247;-1.4000000142807258;-1.4000002910160816
;;;-1.4276587379595045;-1.4000000253656342;-1.4000002808138114;;;;-1.423129083960054;-1.4000000144175315;-1.4000003514603103
;;;-1.4273230410719489;-1.4000000252235298;-1.4000002724004288;;;;-1.422973303943179;-1.400000014334808;-1.4000003927893858
;;;-1.4271255060728745;-1.4000000250969904;-1.4000002648104592;;;;-1.4228103595022898;-1.400000014289064;-1.4000002483623208
;;;-1.4268665266373879;-1.400000024724877;-1.4000002316646643;;;;-1.4226953786595693;-1.4000000141178732;-1.4000001998421718
;;;-1.426549674497594;-1.4000000242208448;-1.4000002022636224;;;;-1.420807453416149;-1.4000000138310307;-1.400000241712566
;;;-1.4262708304159082;-1.4000000240835282;-1.400000202683889;;;;-1.420662310008077;-1.4000000138116693;-1.4000002387842045
;;;-1.4259977827050998;-1.4000000240420045;-1.4000001981374097;;;;-1.4206168950106233;-1.400000013773992;-1.4000002328398349
;;;-1.4235500878734622;-1.4000000232574803;-1.4000001579738568;;;;-1.420222417850919;-1.4000000133354842;-1.400000162050684
;;;-1.4235328552612323;-1.400000023265129;-1.4000001587154816;;;;-1.4200298953662183;-1.4000000131662511;-1.400000142618901
;;;-1.4234764109623326;-1.4000000233027814;-1.400000160653458;;;;-1.41989536199095;-1.4000000130458972;-1.4000001315894763
;;;-1.423258120505827;-1.400000023448063;-1.4000001686128534;;;;-1.4198182970631732;-1.4000000130180283;-1.400000129978082
;;;-1.4231148348940363;-1.4000000235220493;-1.4000001737476835;;;;-1.418363351605325;-1.4000000126941754;-1.4000001091884209
;;;-1.4229031864241242;-1.4000000238783241;-1.4000002035264751;;;;-1.418250210778909;-1.4000000126701444;-1.4000001074807709
;;;-1.4226953786595693;-1.4000000240128005;-1.4000002517115222;;;;-1.418185343156262;-1.4000000126241872;-1.400000104204019
;;;-1.422491307996643;-1.4000000235221985;-1.4000002389831978;;;;-1.4179204279505182;-1.400000012383617;-1.4000000915016722
;;;-1.4222688244371462;-1.4000000232022678;-1.4000002162445526;;;;-1.4177550634109406;-1.4000000123709526;-1.400000092289976
;;;-1.4205792014041247;-1.4000000210054464;-1.4000001107106608;;;;-1.4176478888697261;-1.4000000123140905;-1.4000000965417323
;;;-1.4204112718964204;-1.4000000211780865;-1.4000001185737376;;;;-1.4175885992874555;-1.400000012274668;-1.4000000985521446
;;;-1.4202880265316056;-1.4000000213198946;-1.4000001248303238;;;;-1.4164091200653097;-1.400000012139396;-1.4000001942218459
;;;-1.419976573314876;-1.4000000217170028;-1.400000143358334;;;;-1.4163495337419747;-1.4000000121386171;-1.4000001972248766
;;;-1.4198182970631732;-1.400000021973646;-1.4000001538574294;;;;-1.4162785989066613;-1.4000000121397354;-1.4000002006037604
;;;-1.4196625091709463;-1.4000000220427222;-1.4000001572243705;;;;-1.4159352171697153;-1.400000011680424;-1.400000370602048
;;;-1.4195091514143094;-1.400000022060043;-1.4000001615267108;;;;-1.415865587911933;-1.400000011613903;-1.4000003515958321
;;;-1.4181765332816587;-1.4000000221969344;-1.4000002104243525;;;;-1.4158098769593799;-1.400000011545859;-1.4000003145504816
;;;-1.41802517375012;-1.40000002221388;-1.4000002173855655;;;;-1.4148700063411541;-1.4000000118586824;-1.4000001666953295
;;;-1.417924708580164;-1.4000000222408184;-1.4000002222685681;;;;-1.4148015674723193;-1.400000011883725;-1.4000001556960229
;;;-1.4173848577518302;-1.4000000224359908;-1.4000002546038572;;;;-1.4146713416144212;-1.4000000119323215;-1.4000001377118492
;;;-1.4173446745562128;-1.4000000224448506;-1.4000002571654881;;;;;;
;;;-1.4161849710982657;-1.4000000224310554;-1.400000273590151;;;;;;
;;;-1.416080918909652;-1.400000022429721;-1.400000269776734;;;;;;
