Time (hour);C0 = 1 R1;C0 = 1 R2;C0 = 1 R3;C0 = 1 R4;C0 = 1 R5;C0 = 1 R6;C0 = 1 R7;C0 = 1 R8;C0 = 1 R9;C0 = 1 R10;C0 = 1 R11;C0 = 1 R12;C0 = 1 R13;C0 = 1 R14;C0 = 1 R15;C0 = 1 R16;C0 = 1 R17;C0 = 1 R18;C0 = 1 R19;C0 = 1 R20;C0 = 1 R21;C0 = 1 R22;C0 = 1 R23;C0 = 1 R24;C0 = 1/2 R1;C0 = 1/2 R2;C0 = 1/2 R3;C0 = 1/2 R4;C0 = 1/2 R5;C0 = 1/2 R6;C0 = 1/2 R7;C0 = 1/2 R8;C0 = 1/2 R9;C0 = 1/2 R10;C0 = 1/2 R11;C0 = 1/2 R12;C0 = 1/2 R13;C0 = 1/2 R14;C0 = 1/2 R15;C0 = 1/2 R16;C0 = 1/4 R1;C0 = 1/4 R2;C0 = 1/4 R3;C0 = 1/4 R4;C0 = 1/4 R5;C0 = 1/4 R6;C0 = 1/4 R7;C0 = 1/4 R8;C0 = 1/4 R9;C0 = 1/4 R10;C0 = 1/4 R11;C0 = 1/4 R12;C0 = 1/4 R13;C0 = 1/4 R14;C0 = 1/4 R15;C0 = 1/4 R16;C0 = 1/8 R1;C0 = 1/8 R2;C0 = 1/8 R3;C0 = 1/8 R4;C0 = 1/8 R5;C0 = 1/8 R6;C0 = 1/8 R7;C0 = 1/8 R8;C0 = 1/8 R9;C0 = 1/8 R10;C0 = 1/8 R11;C0 = 1/8 R12;C0 = 1/8 R13;C0 = 1/8 R14;C0 = 1/8 R15;C0 = 1/8 R16;C0 = 1/16 R1;C0 = 1/16 R2;C0 = 1/16 R3;C0 = 1/16 R4;C0 = 1/16 R5;C0 = 1/16 R6;C0 = 1/16 R7;C0 = 1/16 R8;C0 = 1/16 R9;C0 = 1/16 R10;C0 = 1/16 R11;C0 = 1/16 R12;C0 = 1/16 R13;C0 = 1/16 R14;C0 = 1/16 R15;C0 = 1/16 R16
7.75527777777777;0.0078799249530956;0.0036662925551814;0.004191616766467;0.0084084084084084;0.0084084084084084;0.0099962420142803;0.0094665664913598;0.0010455563853622;0.0057699512926189;;0.0121189311253293;0.0057699512926189;;0.0084084084084084;0.0142480211081794;0.0158490566037735;0.0005225830533781;;;0.0110567882662655;;0.0099962420142803;;0.0031413612565445;;;0.022;0.027;0.026;0.021;0.019;;;0.0126506024096385;0.017;0.011;;0.011;;;0.001;;0.023;0.026;0.03;0.032;0.024;0.015;0.008;0.014;0.014;0.015;0.016;0.021;0.023;;;;0.023;0.022;0.022;0.026;0.025;0.019;;0.013;0.019;0.024;0.03;0.032;;;;;0.02;0.015;0.015;0.019;0.025;0.022;;0.014;0.018;;0.034;0.033;0.025;0.002
22.8027777777777;0.0222896133434419;0.0277016742770167;0.0222896133434419;0.0190620272314674;0.0298780487804878;0.0315146890499809;0.0331550802139037;0.026615969581749;0.0147812971342383;;0.0057699512926189;0.0036662925551814;;0.0142480211081794;0.025531914893617;0.0260737362219688;0.0121189311253293;;;0.0337027130301872;;0.0364471669218989;;0.043632166217776;;;0.033;0.052;0.037;0.04;0.045;;;0.0185255198487712;0.007;0.001;;0.007;;;0.018;;0.042;0.059;0.056;0.057;0.05;0.057;0.02;0.03;0.018;0.011;0.011;0.025;0.039;;;;0.031;0.016;0.017;0.025;0.036;0.053;;0.023;0.035;0.029;0.025;0.029;;;;;0.011;0.006;0.002;0.006;0.028;0.041;;0.024;0.037;;0.043;0.031;0.037;0.039
26.4141666666666;0.0309687261632341;0.0315146890499809;0.0277016742770167;0.0369973190348525;0.0369973190348525;0.0326078655975563;0.0347992351816443;0.0212121212121212;0.03206106870229;;0.0309687261632341;0.0326078655975563;;0.0414137533615059;0.0458574181117533;0.0364471669218989;0.0408602150537634;;;0.0508894044856921;;0.0514506769825918;;0.0520123839009287;;;0.064;0.079;0.085;0.069;0.072;;;0.0353481254781943;0.058;0.055;;0.069;;;0.036;;0.054;0.07;0.068;0.077;0.07;0.068;0.052;0.061;0.061;0.048;0.056;0.066;0.071;;;;0.045;0.045;0.043;0.053;0.048;0.053;;0.044;0.038;0.052;0.054;0.056;;;;;0.035;0.035;0.037;0.044;0.044;0.044;;0.058;0.038;;0.057;0.047;0.042;0.04
28.6536111111111;0.0542635658914728;0.0520123839009287;0.043632166217776;0.0497681607418856;0.0492081884897643;0.0503285659064553;0.0559565386107877;0.0486486486486486;0.0486486486486486;;0.0369973190348525;0.0342507645259938;;0.041967717140661;0.0587869362363919;0.0736842105263157;0.0492081884897643;;;0.0616283599532528;;0.0627680311890838;;0.0748427672955975;;;0.085;0.101;0.092;0.085;0.087;;;0.0380988884630126;0.067;0.061;;0.074;;;0.072;;0.071;0.087;0.084;0.086;0.076;0.09;0.065;0.05;0.047;0.044;0.064;0.065;0.067;;;;0.048;0.041;0.039;0.044;0.047;0.087;;0.03;0.043;0.049;0.046;0.046;;;;;0.03;0.024;0.027;0.03;0.041;0.094;;0.033;0.051;;0.057;0.044;0.056;0.081
31.2091666666666;0.0731056144483706;0.0684931506849315;0.0599221789883268;0.0690681284259984;0.0650527137836782;0.0684931506849315;0.0713725490196078;0.0673445443879546;0.0667709147771696;;0.0548274525009693;0.0537001162340178;;0.0582199766809172;0.0748427672955975;0.0936305732484076;0.0806629834254143;;;0.0918489065606361;;0.090663488279698;;0.0966094934184283;;;0.128;0.136;0.131;0.127;0.128;;;0.0656249999999999;0.106;0.102;;0.103;;;0.116;;0.115;0.123;0.11;0.116;0.106;0.125;0.085;0.089;0.086;0.09;0.105;0.107;0.12;;;;0.069;0.058;0.053;0.059;0.065;0.106;;0.059;0.072;0.069;0.065;0.067;;;;;0.046;0.04;0.042;0.039;0.056;0.108;;0.059;0.07;;0.072;0.058;0.08;0.096
47.6458333333333;0.796721311475409;0.760046056419113;0.728190584231423;0.699608282036933;0.69608938547486;0.657017543859649;0.642460533478497;0.62920497566252;0.666079295154185;;0.58728813559322;0.514285714285714;;0.492082702975289;0.547067981318111;0.623732470334412;0.705499438832772;;;0.74033086138049;;0.731818181818181;;0.763783160322952;;;0.895;0.9;0.858;0.765;0.88;;;0.67292817679558;0.804;0.74;;0.684;;;;;0.642;0.608;0.604;0.649;0.639;0.672;0.596;0.602;0.561;0.557;0.529;0.539;0.553;;;;0.384;;;;;;;0.378;0.35;0.335;0.345;0.327;;;;;0.188;0.204;0.218;0.212;0.251;0.27;;0.228;0.228;;0.227;0.201;0.217;0.245
50.3952777777777;0.931883157240521;0.869812462189957;0.828028503562945;0.817494089834515;0.805761316872427;0.776334106728538;0.766281755196304;0.781395348837209;0.868440145102781;;0.790309398715703;0.679822616407982;;0.636916395222584;0.689086859688195;0.750143266475644;0.913193588162762;;;0.903253529772866;;0.89059829059829;;1.00667094291212;;;1;0.984;0.938;0.894;0.976;;;0.808357857563272;0.936;0.878;;0.846;;;;;0.656;0.6;0.604;0.627;0.63;0.638;0.638;0.632;0.583;0.58;0.576;0.551;0.586;;;;0.4;;;;;;;0.402;0.374;0.362;0.357;0.347;;;;;0.214;0.219;0.23;0.221;0.243;0.259;;0.241;0.244;;0.241;0.239;0.25;0.255
53.7786111111111;1.14372881355932;1.07330257086354;1.07984137475214;1.02377260981912;1.00051183621241;0.98676844783715;0.980710659898477;1.0700460829493;1.1558583106267;;1.02847896440129;0.911768330252618;;0.861603375527425;0.891997556505803;1.05228758169934;1.17515442690459;;;1.16810403832991;;1.14372881355932;;1.24411557434813;;;1.067;1.067;0.994;0.933;1.029;;;0.927543424317617;1.024;0.946;;0.87;;;;;0.688;0.624;0.625;0.631;0.612;0.641;0.684;0.638;0.586;0.584;0.586;0.532;0.585;;;;0.406;;;;;;;0.41;0.374;0.373;0.372;0.377;;;;;0.228;0.237;0.232;0.237;0.262;0.272;;0.258;0.253;;0.25;0.249;0.258;0.257
55.7108333333333;1.33071324599708;1.20917941585535;1.20736622654621;1.15934515688949;1.12659932659932;1.12659932659932;1.14028436018957;1.17162440027416;1.3070707070707;;1.19116022099447;1.04111906310995;;1.0128617363344;1.02377260981912;1.18224363386097;1.34670571010248;;;1.30122390208783;;1.26666666666666;;1.36492262343404;;;1.083;1.086;0.999;0.944;1.044;;;0.973181530676786;1.05;0.979;;0.914;;;;;0.695;0.625;0.636;0.629;0.605;0.642;0.705;0.64;0.602;0.595;0.601;0.553;0.59;;;;0.417;;;;;;;0.428;0.382;0.379;0.391;0.38;;;;;0.228;0.237;0.243;0.241;0.253;0.273;;0.256;0.246;;0.256;0.245;0.251;0.252
70.8938888888889;2.26764418377321;2.03589743589743;2.09348230912476;2.0078110808356;2.01712204007285;1.98322813345356;2.12300469483568;1.99855072463768;2.06765249537892;;2.00163191296464;1.85129982668977;;1.91448763250883;2.0078110808356;2.0485294117647;2.0078110808356;;;2.19043062200956;;2.23213939980638;;2.12963311382878;;;1.081;1.12;1.022;1.002;1.171;;;1.04270833333333;1.113;1.032;;0.976;;;;;0.732;0.68;0.706;0.71;0.689;0.745;0.716;0.679;0.663;0.656;0.618;0.613;0.643;;;;0.414;0.328;0.399;0.351;0.386;0.391;;0.476;0.41;0.376;0.373;0.361;;;;;;0.239;0.246;0.271;0.276;0.306;;0.245;0.239;;0.309;0.271;0.29;0.234
74.2205555555555;2.21464354527938;1.97106918238993;2.09348230912476;1.90864197530864;1.90572687224669;1.93511111111111;2.45611510791366;1.96200716845878;2.1032679738562;;2.05806451612903;1.8883435582822;;2.00471869328493;2.0327538883806;2.04220183486238;2.06445060018467;;;2.44032753326509;;2.34825174825174;;2.24980544747081;;;1.057;1.098;1.004;0.982;1.15;;;1.05068582625734;1.11;1.041;;0.988;;;;;0.7;0.66;0.687;0.671;0.63;0.685;0.704;0.669;0.654;0.649;0.616;0.621;0.634;;;;0.426;0.329;0.41;0.336;0.367;0.364;;0.491;0.456;0.404;0.404;0.378;;;;;;0.248;0.251;0.27;0.244;0.281;;0.273;0.288;;0.355;0.308;0.29;0.237
76.8402777777777;2.42077393075356;2.04536271808999;2.13962264150943;1.91156222418358;1.94105075690115;1.95899731423455;2.52468619246861;1.99855072463768;2.12963311382878;;2.0548802946593;1.8768558951965;;1.98322813345356;2.02961608775137;2.08051948051948;2.06125461254612;;;2.30750988142292;;2.30750988142292;;2.30750988142292;;;1.056;1.101;0.998;0.979;1.135;;;1.02847896440129;1.1;1.029;;0.969;;;;;0.693;0.667;0.679;0.667;0.646;0.688;0.671;0.65;0.638;0.645;0.605;0.584;0.623;;;;0.424;0.303;0.415;0.343;0.357;0.373;;0.487;0.439;0.392;0.383;0.356;;;;;;0.251;0.249;0.259;0.244;0.275;;0.279;0.275;;0.335;0.29;0.281;0.231
79.9230555555555;2.4680412371134;2.10982226379794;2.18015267175572;1.96804308797127;2.01712204007285;2.02335766423357;2.59148936170212;2.03904674610449;2.20422670509125;;2.09999999999999;1.91741821396993;;2.06765249537892;2.09348230912476;2.1563981042654;2.09673811742777;;;2.35575575575575;;2.37844914400805;;2.32222222222222;;;1.052;1.095;0.982;0.979;1.112;;;1.02847896440129;1.096;1.019;;0.985;;;;;0.69;0.65;0.677;0.653;0.63;0.652;0.68;0.643;0.639;0.635;0.604;0.595;0.621;;;;0.438;0.346;0.43;0.357;0.386;0.391;;0.488;0.443;0.394;0.388;0.384;;;;;;0.276;0.267;0.281;0.252;0.286;;0.294;0.29;;0.358;0.311;0.298;0.243
94.9705555555555;2.66941431670281;2.35199999999999;2.37464788732394;2.21116458132819;2.13962264150943;2.2569200779727;2.97296037296037;2.37844914400805;2.37085427135678;;2.21116458132819;2.0772937905468;;2.26764418377321;2.30384995064165;2.35199999999999;2.19043062200956;;;2.40913705583756;;2.47603305785123;;2.40913705583756;;;1.027;1.05;0.918;0.897;1.097;;;0.961233480176211;1.069;1.004;;0.925;;;;;0.708;0.701;0.724;0.675;0.646;0.648;0.718;0.649;0.653;0.656;0.618;0.612;0.62;;;;0.497;0.396;0.474;0.45;0.439;0.432;;0.544;0.475;0.394;0.449;0.412;;;;;0.382;0.366;0.332;0.366;0.338;0.387;;0.388;0.341;;0.432;0.393;0.43;0.382
97.3663888888888;2.76888888888888;2.42077393075356;2.40527383367139;2.2076923076923;2.17333333333333;2.30019723865877;2.86363636363636;2.48004136504653;2.45215605749486;;2.28928220255653;2.18699808795411;;2.42077393075356;2.38989898989898;2.48004136504653;2.34825174825174;;;2.51649269311064;;2.43248212461695;;2.36706827309236;;;1.051;1.055;0.92;0.91;1.106;;;0.980710659898477;1.08;1.018;;0.946;;;;;0.718;0.711;0.737;0.676;0.636;0.628;0.731;0.653;0.673;0.673;0.632;0.62;0.637;;;;0.527;0.426;0.501;0.475;0.463;0.469;;0.569;0.488;0.403;0.465;0.428;;;;;0.411;0.399;0.354;0.392;0.375;0.434;;0.399;0.353;;0.437;0.408;0.449;0.43
101.467222222222;2.85396825396825;2.48405797101449;2.48004136504653;2.26406249999999;2.18699808795411;2.24271844660194;2.608547008547;2.36328986960882;2.53704092339979;;2.31485148514851;2.26764418377321;;2.4364008179959;2.33705179282868;2.35199999999999;2.52058516196447;;;2.48004136504653;;2.50020790020789;;2.37085427135678;;;1.062;1.056;0.916;0.886;1.089;;;0.991332058636073;1.082;1.006;;0.962;;;;;0.71;0.696;0.722;0.669;0.629;0.625;0.738;0.643;0.673;0.661;0.634;0.621;0.622;;;;0.534;0.422;0.509;0.479;0.467;0.444;;0.563;0.491;0.421;0.476;0.42;;;;;0.423;0.406;0.37;0.403;0.374;0.412;;0.411;0.364;;0.44;0.423;0.455;0.421
103.515;2.79686800894854;2.54947368421052;2.53704092339979;2.239185257032;2.18357211079274;2.31485148514851;2.65621621621621;2.61713062098501;2.60426894343649;;2.32962226640158;2.19043062200956;;2.42077393075356;2.37844914400805;2.46008230452674;2.55780590717299;;;2.52058516196447;;2.44426229508196;;2.40527383367139;;;1.056;1.045;0.905;0.884;1.087;;;0.950877192982456;1.063;0.998;;0.946;;;;;0.705;0.699;0.726;0.675;0.626;0.639;0.733;0.636;0.658;0.654;0.635;0.619;0.625;;;;0.54;0.429;0.509;0.48;0.477;0.481;;0.556;0.47;0.414;0.481;0.406;;;;;0.429;0.41;0.377;0.416;0.393;0.452;;0.43;0.39;;0.445;0.423;0.469;0.449
167.683611111111;2.98317757009345;2.91264367816091;2.88310502283104;2.85396825396825;2.85879682179341;2.91760644418872;3.15339805825242;3.04549763033175;2.87334851936218;;2.71855104281009;2.62575107296137;;2.47603305785123;2.60426894343649;2.78749999999999;2.7504424778761;;;2.58301486199575;;2.80627802690582;;2.84915062287655;;;1.019;0.944;0.847;0.793;1.004;;;0.854807692307692;0.989;0.931;;0.822;;;;;0.682;0.693;0.73;0.685;0.649;0.59;0.735;0.585;0.629;0.646;0.663;0.62;0.586;;;;0.619;0.574;0.575;0.599;0.571;0.627;;0.626;0.576;0.554;0.591;0.547;;;;;0.512;0.509;0.482;0.512;0.508;0.556;;0.502;0.478;;0.496;0.491;0.519;0.543
169.730833333333;2.78283166109252;3.06666666666666;2.97296037296037;2.85396825396825;2.93757225433525;2.94259259259259;3.16447688564476;3.02452830188679;2.9325635103926;;2.7367144432194;2.64310344827586;;2.4880829015544;2.60426894343649;2.77352614015572;2.78749999999999;;;2.63007518796992;;2.80627802690582;;2.85879682179341;;;1.036;0.928;0.835;0.796;1.008;;;0.864333132166565;0.99;0.943;;0.828;;;;;0.689;0.701;0.731;0.677;0.635;0.591;0.756;0.588;0.632;0.65;0.654;0.62;0.586;;;;0.63;0.581;0.576;0.595;0.573;0.622;;0.638;0.585;0.562;0.598;0.547;;;;;0.519;0.51;0.476;0.479;0.495;0.518;;0.513;0.482;;0.493;0.476;0.511;0.533
173.525;2.69606986899563;3.13140096618357;2.95266821345707;2.89782359679266;2.9275663206459;2.95266821345707;3.15893074119076;3.04023668639053;2.88310502283104;;2.75503875968992;2.66060606060606;;2.52058516196447;2.64310344827586;2.79217877094971;2.80156774916013;;;2.63875134553283;;2.81573033707865;;2.85879682179341;;;1.059;0.946;0.848;0.807;1.016;;;0.872562083585705;0.999;0.947;;0.839;;;;;0.688;0.696;0.729;0.68;0.64;0.589;;0.584;0.639;0.642;0.655;0.622;0.583;;;;0.626;0.581;0.574;0.587;0.565;0.621;;0.643;0.586;0.562;0.598;0.545;;;;;0.526;0.499;0.471;0.483;0.487;0.508;;0.513;0.471;;0.49;0.468;0.506;0.523
176.677222222222;2.80156774916013;3.19241126070991;2.9076923076923;3.0037558685446;2.98317757009345;2.95266821345707;3.15339805825242;2.96786961583236;2.94259259259259;;2.83476297968397;2.7504424778761;;2.57879109225874;2.6871459694989;2.74585635359115;2.8782212086659;;;2.70952902519167;;2.88310502283104;;2.84915062287655;;;1.084;0.955;0.868;0.812;1.031;;;0.899019607843137;1.015;0.947;;0.872;;;;;0.698;0.699;0.73;0.67;0.64;0.575;;0.592;0.649;0.658;0.666;0.631;0.58;;;;0.635;0.578;0.59;0.586;0.577;0.595;;0.665;0.609;0.571;0.601;0.538;;;;;0.526;0.501;0.465;0.46;0.474;0.469;;0.525;0.463;;0.478;0.462;0.485;0.496
194.373888888888;2.62575107296137;2.92258064516129;2.66941431670281;2.99859320046893;2.94762456546929;2.96786961583236;3.19803921568627;3.09341317365269;2.66941431670281;;2.80627802690582;2.69606986899563;;2.55780590717299;2.70054644808743;2.85396825396825;2.87334851936218;;;2.75503875968992;;2.91264367816091;;2.91760644418872;;;1.125;0.97;0.9;0.833;1.038;;;0.908923076923076;1.017;0.949;;0.839;;;;;0.683;0.692;0.719;0.667;0.631;0.572;;0.565;0.617;0.641;0.654;0.615;0.569;;;;0.613;0.622;0.595;0.609;0.62;0.644;;0.668;0.626;0.6;0.616;0.549;;;;;0.527;0.505;0.463;0.468;0.515;0.54;;0.534;0.479;;0.503;0.481;0.57;0.61
216.195;2.58301486199575;2.9275663206459;2.63875134553283;3.09341317365269;3.02452830188679;3.04549763033175;3.28414481897627;3.12593486127864;2.57037037037037;;2.95266821345707;2.81099887766554;;2.6871459694989;2.82047244094488;2.94259259259259;2.97296037296037;;;2.9076923076923;;3.04023668639053;;3.0297520661157;;;1.182;1.021;0.915;0.869;1.073;;;0.964209199747951;1.059;0.973;;0.861;;;;;0.68;0.665;0.716;0.683;0.646;0.573;;0.559;0.603;0.637;0.654;0.622;0.575;;;;0.595;0.57;0.582;0.598;0.628;0.683;;0.647;0.6;0.593;0.61;0.608;;;;;0.511;0.52;0.459;0.493;0.505;0.536;;0.509;0.481;;0.524;0.499;0.566;0.582